This is pdfTeX, Version 3.141592653-2.6-1.40.28 (MiKTeX 25.12) (preloaded format=pdflatex 2026.5.18)  2 JUN 2026 20:43
entering extended mode
 restricted \write18 enabled.
 %&-line parsing enabled.
**./main.tex
(main.tex
LaTeX2e <2025-11-01>
L3 programming layer <2025-12-24>
(C:\Users\khoi-laptop\AppData\Local\Programs\MiKTeX\tex/latex/base\book.cls
Document Class: book 2025/01/22 v1.4n Standard LaTeX document class
(C:\Users\khoi-laptop\AppData\Local\Programs\MiKTeX\tex/latex/base\bk12.clo
File: bk12.clo 2025/01/22 v1.4n Standard LaTeX file (size option)
)
\c@part=\count275
\c@chapter=\count276
\c@section=\count277
\c@subsection=\count278
\c@subsubsection=\count279
\c@paragraph=\count280
\c@subparagraph=\count281
\c@figure=\count282
\c@table=\count283
\abovecaptionskip=\skip49
\belowcaptionskip=\skip50
\bibindent=\dimen148
)
(C:\Users\khoi-laptop\AppData\Local\Programs\MiKTeX\tex/latex/base\inputenc.sty
Package: inputenc 2024/02/08 v1.3d Input encoding file
\inpenc@prehook=\toks17
\inpenc@posthook=\toks18
)
(C:\Users\khoi-laptop\AppData\Local\Programs\MiKTeX\tex/latex/base\fontenc.sty
Package: fontenc 2025/07/18 v2.1d Standard LaTeX package

(C:\Users\khoi-laptop\AppData\Local\Programs\MiKTeX\tex/latex/vntex\t5enc.def
File: t5enc.def 2006/11/21 v1.4 Vietnamese T5 encoding
Now handling font encoding T5 ...
... processing UTF-8 mapping file for font encoding T5

(C:\Users\khoi-laptop\AppData\Local\Programs\MiKTeX\tex/latex/vntex\t5enc.dfu
File: t5enc.dfu 2006/08/19 v1.1 UTF8 support for Vietnamese
   defining Unicode char U+00AB (decimal 171)
   defining Unicode char U+00BB (decimal 187)
   defining Unicode char U+00C0 (decimal 192)
   defining Unicode char U+00C1 (decimal 193)
   defining Unicode char U+00C2 (decimal 194)
   defining Unicode char U+00C3 (decimal 195)
   defining Unicode char U+00C8 (decimal 200)
   defining Unicode char U+00C9 (decimal 201)
   defining Unicode char U+00CA (decimal 202)
   defining Unicode char U+00CC (decimal 204)
   defining Unicode char U+00CD (decimal 205)
   defining Unicode char U+00D2 (decimal 210)
   defining Unicode char U+00D3 (decimal 211)
   defining Unicode char U+00D4 (decimal 212)
   defining Unicode char U+00D5 (decimal 213)
   defining Unicode char U+00D9 (decimal 217)
   defining Unicode char U+00DA (decimal 218)
   defining Unicode char U+00DD (decimal 221)
   defining Unicode char U+00E0 (decimal 224)
   defining Unicode char U+00E1 (decimal 225)
   defining Unicode char U+00E2 (decimal 226)
   defining Unicode char U+00E3 (decimal 227)
   defining Unicode char U+00E8 (decimal 232)
   defining Unicode char U+00E9 (decimal 233)
   defining Unicode char U+00EA (decimal 234)
   defining Unicode char U+00EC (decimal 236)
   defining Unicode char U+00ED (decimal 237)
   defining Unicode char U+00F2 (decimal 242)
   defining Unicode char U+00F3 (decimal 243)
   defining Unicode char U+00F4 (decimal 244)
   defining Unicode char U+00F5 (decimal 245)
   defining Unicode char U+00F9 (decimal 249)
   defining Unicode char U+00FA (decimal 250)
   defining Unicode char U+00FD (decimal 253)
   defining Unicode char U+0102 (decimal 258)
   defining Unicode char U+0103 (decimal 259)
   defining Unicode char U+0110 (decimal 272)
   defining Unicode char U+0111 (decimal 273)
   defining Unicode char U+0128 (decimal 296)
   defining Unicode char U+0129 (decimal 297)
   defining Unicode char U+0131 (decimal 305)
   defining Unicode char U+0168 (decimal 360)
   defining Unicode char U+0169 (decimal 361)
   defining Unicode char U+01A0 (decimal 416)
   defining Unicode char U+01A1 (decimal 417)
   defining Unicode char U+01AF (decimal 431)
   defining Unicode char U+01B0 (decimal 432)
   defining Unicode char U+1EA0 (decimal 7840)
   defining Unicode char U+1EA1 (decimal 7841)
   defining Unicode char U+1EA2 (decimal 7842)
   defining Unicode char U+1EA3 (decimal 7843)
   defining Unicode char U+1EA4 (decimal 7844)
   defining Unicode char U+1EA5 (decimal 7845)
   defining Unicode char U+1EA6 (decimal 7846)
   defining Unicode char U+1EA7 (decimal 7847)
   defining Unicode char U+1EA8 (decimal 7848)
   defining Unicode char U+1EA9 (decimal 7849)
   defining Unicode char U+1EAA (decimal 7850)
   defining Unicode char U+1EAB (decimal 7851)
   defining Unicode char U+1EAC (decimal 7852)
   defining Unicode char U+1EAD (decimal 7853)
   defining Unicode char U+1EAE (decimal 7854)
   defining Unicode char U+1EAF (decimal 7855)
   defining Unicode char U+1EB0 (decimal 7856)
   defining Unicode char U+1EB1 (decimal 7857)
   defining Unicode char U+1EB2 (decimal 7858)
   defining Unicode char U+1EB3 (decimal 7859)
   defining Unicode char U+1EB4 (decimal 7860)
   defining Unicode char U+1EB5 (decimal 7861)
   defining Unicode char U+1EB6 (decimal 7862)
   defining Unicode char U+1EB7 (decimal 7863)
   defining Unicode char U+1EB8 (decimal 7864)
   defining Unicode char U+1EB9 (decimal 7865)
   defining Unicode char U+1EBA (decimal 7866)
   defining Unicode char U+1EBB (decimal 7867)
   defining Unicode char U+1EBC (decimal 7868)
   defining Unicode char U+1EBD (decimal 7869)
   defining Unicode char U+1EBE (decimal 7870)
   defining Unicode char U+1EBF (decimal 7871)
   defining Unicode char U+1EC0 (decimal 7872)
   defining Unicode char U+1EC1 (decimal 7873)
   defining Unicode char U+1EC2 (decimal 7874)
   defining Unicode char U+1EC3 (decimal 7875)
   defining Unicode char U+1EC4 (decimal 7876)
   defining Unicode char U+1EC5 (decimal 7877)
   defining Unicode char U+1EC6 (decimal 7878)
   defining Unicode char U+1EC7 (decimal 7879)
   defining Unicode char U+1EC8 (decimal 7880)
   defining Unicode char U+1EC9 (decimal 7881)
   defining Unicode char U+1ECA (decimal 7882)
   defining Unicode char U+1ECB (decimal 7883)
   defining Unicode char U+1ECC (decimal 7884)
   defining Unicode char U+1ECD (decimal 7885)
   defining Unicode char U+1ECE (decimal 7886)
   defining Unicode char U+1ECF (decimal 7887)
   defining Unicode char U+1ED0 (decimal 7888)
   defining Unicode char U+1ED1 (decimal 7889)
   defining Unicode char U+1ED2 (decimal 7890)
   defining Unicode char U+1ED3 (decimal 7891)
   defining Unicode char U+1ED4 (decimal 7892)
   defining Unicode char U+1ED5 (decimal 7893)
   defining Unicode char U+1ED6 (decimal 7894)
   defining Unicode char U+1ED7 (decimal 7895)
   defining Unicode char U+1ED8 (decimal 7896)
   defining Unicode char U+1ED9 (decimal 7897)
   defining Unicode char U+1EDA (decimal 7898)
   defining Unicode char U+1EDB (decimal 7899)
   defining Unicode char U+1EDC (decimal 7900)
   defining Unicode char U+1EDD (decimal 7901)
   defining Unicode char U+1EDE (decimal 7902)
   defining Unicode char U+1EDF (decimal 7903)
   defining Unicode char U+1EE0 (decimal 7904)
   defining Unicode char U+1EE1 (decimal 7905)
   defining Unicode char U+1EE2 (decimal 7906)
   defining Unicode char U+1EE3 (decimal 7907)
   defining Unicode char U+1EE4 (decimal 7908)
   defining Unicode char U+1EE5 (decimal 7909)
   defining Unicode char U+1EE6 (decimal 7910)
   defining Unicode char U+1EE7 (decimal 7911)
   defining Unicode char U+1EE8 (decimal 7912)
   defining Unicode char U+1EE9 (decimal 7913)
   defining Unicode char U+1EEA (decimal 7914)
   defining Unicode char U+1EEB (decimal 7915)
   defining Unicode char U+1EEC (decimal 7916)
   defining Unicode char U+1EED (decimal 7917)
   defining Unicode char U+1EEE (decimal 7918)
   defining Unicode char U+1EEF (decimal 7919)
   defining Unicode char U+1EF0 (decimal 7920)
   defining Unicode char U+1EF1 (decimal 7921)
   defining Unicode char U+1EF2 (decimal 7922)
   defining Unicode char U+1EF3 (decimal 7923)
   defining Unicode char U+1EF4 (decimal 7924)
   defining Unicode char U+1EF5 (decimal 7925)
   defining Unicode char U+1EF6 (decimal 7926)
   defining Unicode char U+1EF7 (decimal 7927)
   defining Unicode char U+1EF8 (decimal 7928)
   defining Unicode char U+1EF9 (decimal 7929)
   defining Unicode char U+200C (decimal 8204)
   defining Unicode char U+2013 (decimal 8211)
   defining Unicode char U+2014 (decimal 8212)
   defining Unicode char U+2018 (decimal 8216)
   defining Unicode char U+2019 (decimal 8217)
   defining Unicode char U+201A (decimal 8218)
   defining Unicode char U+201C (decimal 8220)
   defining Unicode char U+201D (decimal 8221)
   defining Unicode char U+201E (decimal 8222)
   defining Unicode char U+2030 (decimal 8240)
   defining Unicode char U+2031 (decimal 8241)
   defining Unicode char U+2039 (decimal 8249)
   defining Unicode char U+203A (decimal 8250)
   defining Unicode char U+2423 (decimal 9251)
)))
(C:\Users\khoi-laptop\AppData\Local\Programs\MiKTeX\tex/latex/psnfss\mathptmx.s
ty
Package: mathptmx 2020/03/25 PSNFSS-v9.3 Times w/ Math, improved (SPQR, WaS) 
LaTeX Font Info:    Redeclaring symbol font `operators' on input line 28.
LaTeX Font Info:    Overwriting symbol font `operators' in version `normal'
(Font)                  OT1/cmr/m/n --> OT1/ztmcm/m/n on input line 28.
LaTeX Font Info:    Overwriting symbol font `operators' in version `bold'
(Font)                  OT1/cmr/bx/n --> OT1/ztmcm/m/n on input line 28.
LaTeX Font Info:    Redeclaring symbol font `letters' on input line 29.
LaTeX Font Info:    Overwriting symbol font `letters' in version `normal'
(Font)                  OML/cmm/m/it --> OML/ztmcm/m/it on input line 29.
LaTeX Font Info:    Overwriting symbol font `letters' in version `bold'
(Font)                  OML/cmm/b/it --> OML/ztmcm/m/it on input line 29.
LaTeX Font Info:    Redeclaring symbol font `symbols' on input line 30.
LaTeX Font Info:    Overwriting symbol font `symbols' in version `normal'
(Font)                  OMS/cmsy/m/n --> OMS/ztmcm/m/n on input line 30.
LaTeX Font Info:    Overwriting symbol font `symbols' in version `bold'
(Font)                  OMS/cmsy/b/n --> OMS/ztmcm/m/n on input line 30.
LaTeX Font Info:    Redeclaring symbol font `largesymbols' on input line 31.
LaTeX Font Info:    Overwriting symbol font `largesymbols' in version `normal'
(Font)                  OMX/cmex/m/n --> OMX/ztmcm/m/n on input line 31.
LaTeX Font Info:    Overwriting symbol font `largesymbols' in version `bold'
(Font)                  OMX/cmex/m/n --> OMX/ztmcm/m/n on input line 31.
\symbold=\mathgroup4
\symitalic=\mathgroup5
LaTeX Font Info:    Redeclaring math alphabet \mathbf on input line 34.
LaTeX Font Info:    Overwriting math alphabet `\mathbf' in version `normal'
(Font)                  OT1/cmr/bx/n --> OT1/ptm/bx/n on input line 34.
LaTeX Font Info:    Overwriting math alphabet `\mathbf' in version `bold'
(Font)                  OT1/cmr/bx/n --> OT1/ptm/bx/n on input line 34.
LaTeX Font Info:    Redeclaring math alphabet \mathit on input line 35.
LaTeX Font Info:    Overwriting math alphabet `\mathit' in version `normal'
(Font)                  OT1/cmr/m/it --> OT1/ptm/m/it on input line 35.
LaTeX Font Info:    Overwriting math alphabet `\mathit' in version `bold'
(Font)                  OT1/cmr/bx/it --> OT1/ptm/m/it on input line 35.
LaTeX Info: Redefining \hbar on input line 50.
)
(C:\Users\khoi-laptop\AppData\Local\Programs\MiKTeX\tex/latex/psnfss\helvet.sty
Package: helvet 2020/03/25 PSNFSS-v9.3 (WaS) 

(C:\Users\khoi-laptop\AppData\Local\Programs\MiKTeX\tex/latex/graphics\keyval.s
ty
Package: keyval 2022/05/29 v1.15 key=value parser (DPC)
\KV@toks@=\toks19
))
(C:\Users\khoi-laptop\AppData\Local\Programs\MiKTeX\tex/latex/psnfss\courier.st
y
Package: courier 2020/03/25 PSNFSS-v9.3 (WaS) 
) (bkthesis.sty
Package: bkthesis 

(C:\Users\khoi-laptop\AppData\Local\Programs\MiKTeX\tex/latex/graphics\graphicx
.sty
Package: graphicx 2024/12/31 v1.2e Enhanced LaTeX Graphics (DPC,SPQR)

(C:\Users\khoi-laptop\AppData\Local\Programs\MiKTeX\tex/latex/graphics\graphics
.sty
Package: graphics 2024/08/06 v1.4g Standard LaTeX Graphics (DPC,SPQR)

(C:\Users\khoi-laptop\AppData\Local\Programs\MiKTeX\tex/latex/graphics\trig.sty
Package: trig 2023/12/02 v1.11 sin cos tan (DPC)
)
(C:\Users\khoi-laptop\AppData\Local\Programs\MiKTeX\tex/latex/graphics-cfg\grap
hics.cfg
File: graphics.cfg 2016/06/04 v1.11 sample graphics configuration
)
Package graphics Info: Driver file: pdftex.def on input line 106.

(C:\Users\khoi-laptop\AppData\Local\Programs\MiKTeX\tex/latex/graphics-def\pdft
ex.def
File: pdftex.def 2025/09/29 v1.2d Graphics/color driver for pdftex
))
\Gin@req@height=\dimen149
\Gin@req@width=\dimen150
)
(C:\Users\khoi-laptop\AppData\Local\Programs\MiKTeX\tex/generic/babel\babel.sty
Package: babel 2025/12/11 v25.17 The multilingual framework for LuaLaTeX, pdfLa
TeX and XeLaTeX
\babel@savecnt=\count284
LaTeX Encoding Info:    Redeclaring text command \ij (encoding OT1) on input li
ne 2068.
LaTeX Encoding Info:    Redeclaring text command \IJ (encoding OT1) on input li
ne 2070.
LaTeX Encoding Info:    Redeclaring text command \ij (encoding T1) on input lin
e 2072.
LaTeX Encoding Info:    Redeclaring text command \IJ (encoding T1) on input lin
e 2073.
LaTeX Encoding Info:    Ignoring declaration for text command \ij (encoding ?) 
on input line 2074.
LaTeX Encoding Info:    Ignoring declaration for text command \IJ (encoding ?) 
on input line 2076.
LaTeX Encoding Info:    Ignoring declaration for text command \SS (encoding ?) 
on input line 2101.
\U@D=\dimen151
\l@unhyphenated=\language79

(C:\Users\khoi-laptop\AppData\Local\Programs\MiKTeX\tex/generic/babel\txtbabel.
def)
\bbl@readstream=\read2
\bbl@dirlevel=\count285
Package babel Info: Configuration files are deprecated, as
(babel)             they can break document portability.
(babel)             Reported on input line 4196.

*************************************
* Local config file bblopts.cfg used
*

(C:\Users\khoi-laptop\AppData\Local\Programs\MiKTeX\tex/latex/arabi\bblopts.cfg
File: bblopts.cfg 2005/09/08 v0.1 add Arabic and Farsi to "declared" options of
 babel
)
(C:\Users\khoi-laptop\AppData\Local\Programs\MiKTeX\tex/generic/babel/locale/vi
\babel-vietnamese.tex)
(C:\Users\khoi-laptop\AppData\Local\Programs\MiKTeX\tex/generic/babel/locale/en
\babel-english.tex)
Package babel Info: Importing font and identification data for vietnamese
(babel)             from babel-vi.ini. Reported on input line 4320.

(C:\Users\khoi-laptop\AppData\Local\Programs\MiKTeX\tex/latex/babel-vietnamese\
vietnamese.ldf
Language: vietnamese 


Package babel Warning: No hyphenation patterns were preloaded for
(babel)                the language 'Vietnamese' into the format.
(babel)                Please, configure your TeX system to add them and
(babel)                rebuild the format. Now I will use the patterns
(babel)                preloaded for \language=0 instead on input line 36.

Package babel Info: Hyphen rules for 'vietnamese' set to \l@english
(babel)             (\language0). Reported on input line 37.
Package babel Info: Hyphen rules for 'vietnam' set to \l@english
(babel)             (\language0). Reported on input line 38.
Loading definitions for the Vietnamese font encoding
(C:\Users\khoi-laptop\AppData\Local\Programs\MiKTeX\tex/latex/vntex\t5enc.def
File: t5enc.def 2006/11/21 v1.4 Vietnamese T5 encoding
LaTeX Font Info:    Redeclaring font encoding T5 on input line 75.
LaTeX Encoding Info:    Redeclaring text command \` (encoding T5) on input line
 79.
LaTeX Encoding Info:    Redeclaring text command \' (encoding T5) on input line
 80.
LaTeX Encoding Info:    Redeclaring text command \^ (encoding T5) on input line
 81.
LaTeX Encoding Info:    Redeclaring text command \~ (encoding T5) on input line
 82.
LaTeX Encoding Info:    Redeclaring text command \" (encoding T5) on input line
 83.
LaTeX Encoding Info:    Redeclaring text command \r (encoding T5) on input line
 84.
LaTeX Encoding Info:    Redeclaring text command \v (encoding T5) on input line
 85.
LaTeX Encoding Info:    Redeclaring text command \u (encoding T5) on input line
 86.
LaTeX Encoding Info:    Redeclaring text command \= (encoding T5) on input line
 87.
LaTeX Encoding Info:    Redeclaring text command \. (encoding T5) on input line
 88.
LaTeX Encoding Info:    Redeclaring text command \b (encoding T5) on input line
 90.
LaTeX Encoding Info:    Redeclaring text command \c (encoding T5) on input line
 94.
LaTeX Encoding Info:    Redeclaring text command \d (encoding T5) on input line
 98.
LaTeX Encoding Info:    Redeclaring text command \h (encoding T5) on input line
 103.
LaTeX Encoding Info:    Redeclaring text symbol \quotesinglbase (encoding T5) o
n input line 105.
LaTeX Encoding Info:    Redeclaring text symbol \guilsinglleft (encoding T5) on
 input line 106.
LaTeX Encoding Info:    Redeclaring text symbol \guilsinglright (encoding T5) o
n input line 107.
LaTeX Encoding Info:    Redeclaring text symbol \textquotedblleft (encoding T5)
 on input line 108.
LaTeX Encoding Info:    Redeclaring text symbol \textquotedblright (encoding T5
) on input line 109.
LaTeX Encoding Info:    Redeclaring text symbol \quotedblbase (encoding T5) on 
input line 110.
LaTeX Encoding Info:    Redeclaring text symbol \guillemotleft (encoding T5) on
 input line 111.
LaTeX Encoding Info:    Redeclaring text symbol \guillemotright (encoding T5) o
n input line 112.
LaTeX Encoding Info:    Redeclaring text symbol \textendash (encoding T5) on in
put line 113.
LaTeX Encoding Info:    Redeclaring text symbol \textemdash (encoding T5) on in
put line 114.
LaTeX Encoding Info:    Redeclaring text symbol \textcompwordmark (encoding T5)
 on input line 115.
LaTeX Encoding Info:    Redeclaring text command \textperthousand (encoding T5)
 on input line 117.
LaTeX Encoding Info:    Redeclaring text command \textpertenthousand (encoding 
T5) on input line 118.
LaTeX Encoding Info:    Redeclaring text symbol \i (encoding T5) on input line 
119.
LaTeX Encoding Info:    Redeclaring text symbol \textvisiblespace (encoding T5)
 on input line 121.
LaTeX Encoding Info:    Redeclaring text symbol \textquotedbl (encoding T5) on 
input line 122.
LaTeX Encoding Info:    Redeclaring text symbol \textdollar (encoding T5) on in
put line 123.
LaTeX Encoding Info:    Redeclaring text symbol \textquoteright (encoding T5) o
n input line 124.
LaTeX Encoding Info:    Redeclaring text symbol \textless (encoding T5) on inpu
t line 125.
LaTeX Encoding Info:    Redeclaring text symbol \textgreater (encoding T5) on i
nput line 126.
LaTeX Encoding Info:    Redeclaring text symbol \textbackslash (encoding T5) on
 input line 127.
LaTeX Encoding Info:    Redeclaring text symbol \textasciicircum (encoding T5) 
on input line 128.
LaTeX Encoding Info:    Redeclaring text symbol \textunderscore (encoding T5) o
n input line 129.
LaTeX Encoding Info:    Redeclaring text symbol \textquoteleft (encoding T5) on
 input line 130.
LaTeX Encoding Info:    Redeclaring text symbol \textbraceleft (encoding T5) on
 input line 131.
LaTeX Encoding Info:    Redeclaring text symbol \textbar (encoding T5) on input
 line 132.
LaTeX Encoding Info:    Redeclaring text symbol \textbraceright (encoding T5) o
n input line 133.
LaTeX Encoding Info:    Redeclaring text symbol \textasciitilde (encoding T5) o
n input line 134.
LaTeX Encoding Info:    Redeclaring text command \horn (encoding T5) on input l
ine 137.
LaTeX Encoding Info:    Redeclaring text symbol \DJ (encoding T5) on input line
 306.
LaTeX Encoding Info:    Redeclaring text symbol \dj (encoding T5) on input line
 307.
LaTeX Encoding Info:    Redeclaring text symbol \Acircumflex (encoding T5) on i
nput line 312.
LaTeX Encoding Info:    Redeclaring text symbol \Abreve (encoding T5) on input 
line 319.
LaTeX Encoding Info:    Redeclaring text symbol \Ecircumflex (encoding T5) on i
nput line 326.
LaTeX Encoding Info:    Redeclaring text symbol \Ocircumflex (encoding T5) on i
nput line 333.
LaTeX Encoding Info:    Redeclaring text symbol \Ohorn (encoding T5) on input l
ine 340.
LaTeX Encoding Info:    Redeclaring text symbol \Uhorn (encoding T5) on input l
ine 347.
LaTeX Encoding Info:    Redeclaring text symbol \acircumflex (encoding T5) on i
nput line 354.
LaTeX Encoding Info:    Redeclaring text symbol \abreve (encoding T5) on input 
line 361.
LaTeX Encoding Info:    Redeclaring text symbol \ecircumflex (encoding T5) on i
nput line 368.
LaTeX Encoding Info:    Redeclaring text symbol \ocircumflex (encoding T5) on i
nput line 375.
LaTeX Encoding Info:    Redeclaring text symbol \ohorn (encoding T5) on input l
ine 382.
LaTeX Encoding Info:    Redeclaring text symbol \uhorn (encoding T5) on input l
ine 389.
LaTeX Encoding Info:    Redeclaring text symbol \ACIRCUMFLEX (encoding T5) on i
nput line 397.
LaTeX Encoding Info:    Redeclaring text symbol \ABREVE (encoding T5) on input 
line 404.
LaTeX Encoding Info:    Redeclaring text symbol \ECIRCUMFLEX (encoding T5) on i
nput line 411.
LaTeX Encoding Info:    Redeclaring text symbol \OCIRCUMFLEX (encoding T5) on i
nput line 418.
LaTeX Encoding Info:    Redeclaring text symbol \OHORN (encoding T5) on input l
ine 425.
LaTeX Encoding Info:    Redeclaring text symbol \UHORN (encoding T5) on input l
ine 432.
)
Package babel Info: Making " an active character on input line 147.
)
Package babel Info: Importing font and identification data for english
(babel)             from babel-en.ini. Reported on input line 4320.

(C:\Users\khoi-laptop\AppData\Local\Programs\MiKTeX\tex/latex/babel-english\eng
lish.ldf
Language: english 2017/06/06 v3.3r English support from the babel system
Package babel Info: Hyphen rules for 'canadian' set to \l@english
(babel)             (\language0). Reported on input line 102.
Package babel Info: Hyphen rules for 'australian' set to \l@ukenglish
(babel)             (\language73). Reported on input line 105.
Package babel Info: Hyphen rules for 'newzealand' set to \l@ukenglish
(babel)             (\language73). Reported on input line 108.
))
(C:\Users\khoi-laptop\AppData\Local\Programs\MiKTeX\tex/latex/geometry\geometry
.sty
Package: geometry 2026/03/07 v6.0 Page Geometry

(C:\Users\khoi-laptop\AppData\Local\Programs\MiKTeX\tex/generic/iftex\ifvtex.st
y
Package: ifvtex 2019/10/25 v1.7 ifvtex legacy package. Use iftex instead.

(C:\Users\khoi-laptop\AppData\Local\Programs\MiKTeX\tex/generic/iftex\iftex.sty
Package: iftex 2024/12/12 v1.0g TeX engine tests
))
\Gm@cnth=\count286
\Gm@cntv=\count287
\c@Gm@tempcnt=\count288
\Gm@bindingoffset=\dimen152
\Gm@wd@mp=\dimen153
\Gm@odd@mp=\dimen154
\Gm@even@mp=\dimen155
\Gm@layoutwidth=\dimen156
\Gm@layoutheight=\dimen157
\Gm@layouthoffset=\dimen158
\Gm@layoutvoffset=\dimen159
\Gm@dimlist=\toks20

(C:\Users\khoi-laptop\AppData\Local\Programs\MiKTeX\tex/latex/geometry\geometry
.cfg))
(C:\Users\khoi-laptop\AppData\Local\Programs\MiKTeX\tex/latex/pgf/frontendlayer
\tikz.sty
(C:\Users\khoi-laptop\AppData\Local\Programs\MiKTeX\tex/latex/pgf/basiclayer\pg
f.sty
(C:\Users\khoi-laptop\AppData\Local\Programs\MiKTeX\tex/latex/pgf/utilities\pgf
rcs.sty
(C:\Users\khoi-laptop\AppData\Local\Programs\MiKTeX\tex/generic/pgf/utilities\p
gfutil-common.tex
\pgfutil@everybye=\toks21
\pgfutil@tempdima=\dimen160
\pgfutil@tempdimb=\dimen161
)
(C:\Users\khoi-laptop\AppData\Local\Programs\MiKTeX\tex/generic/pgf/utilities\p
gfutil-latex.def
\pgfutil@abb=\box53
)
(C:\Users\khoi-laptop\AppData\Local\Programs\MiKTeX\tex/generic/pgf/utilities\p
gfrcs.code.tex
(C:\Users\khoi-laptop\AppData\Local\Programs\MiKTeX\tex/generic/pgf\pgf.revisio
n.tex)
Package: pgfrcs 2025-08-29 v3.1.11a (3.1.11a)
))
Package: pgf 2025-08-29 v3.1.11a (3.1.11a)

(C:\Users\khoi-laptop\AppData\Local\Programs\MiKTeX\tex/latex/pgf/basiclayer\pg
fcore.sty
(C:\Users\khoi-laptop\AppData\Local\Programs\MiKTeX\tex/latex/pgf/systemlayer\p
gfsys.sty
(C:\Users\khoi-laptop\AppData\Local\Programs\MiKTeX\tex/generic/pgf/systemlayer
\pgfsys.code.tex
Package: pgfsys 2025-08-29 v3.1.11a (3.1.11a)

(C:\Users\khoi-laptop\AppData\Local\Programs\MiKTeX\tex/generic/pgf/utilities\p
gfkeys.code.tex
\pgfkeys@pathtoks=\toks22
\pgfkeys@temptoks=\toks23

(C:\Users\khoi-laptop\AppData\Local\Programs\MiKTeX\tex/generic/pgf/utilities\p
gfkeyslibraryfiltered.code.tex
\pgfkeys@tmptoks=\toks24
))
\pgf@x=\dimen162
\pgf@y=\dimen163
\pgf@xa=\dimen164
\pgf@ya=\dimen165
\pgf@xb=\dimen166
\pgf@yb=\dimen167
\pgf@xc=\dimen168
\pgf@yc=\dimen169
\pgf@xd=\dimen170
\pgf@yd=\dimen171
\w@pgf@writea=\write3
\r@pgf@reada=\read3
\c@pgf@counta=\count289
\c@pgf@countb=\count290
\c@pgf@countc=\count291
\c@pgf@countd=\count292
\t@pgf@toka=\toks25
\t@pgf@tokb=\toks26
\t@pgf@tokc=\toks27
\pgf@sys@id@count=\count293

(C:\Users\khoi-laptop\AppData\Local\Programs\MiKTeX\tex/generic/pgf/systemlayer
\pgf.cfg
File: pgf.cfg 2025-08-29 v3.1.11a (3.1.11a)
)
Driver file for pgf: pgfsys-pdftex.def

(C:\Users\khoi-laptop\AppData\Local\Programs\MiKTeX\tex/generic/pgf/systemlayer
\pgfsys-pdftex.def
File: pgfsys-pdftex.def 2025-08-29 v3.1.11a (3.1.11a)

(C:\Users\khoi-laptop\AppData\Local\Programs\MiKTeX\tex/generic/pgf/systemlayer
\pgfsys-common-pdf.def
File: pgfsys-common-pdf.def 2025-08-29 v3.1.11a (3.1.11a)
)))
(C:\Users\khoi-laptop\AppData\Local\Programs\MiKTeX\tex/generic/pgf/systemlayer
\pgfsyssoftpath.code.tex
File: pgfsyssoftpath.code.tex 2025-08-29 v3.1.11a (3.1.11a)
\pgfsyssoftpath@smallbuffer@items=\count294
\pgfsyssoftpath@bigbuffer@items=\count295
)
(C:\Users\khoi-laptop\AppData\Local\Programs\MiKTeX\tex/generic/pgf/systemlayer
\pgfsysprotocol.code.tex
File: pgfsysprotocol.code.tex 2025-08-29 v3.1.11a (3.1.11a)
))
(C:\Users\khoi-laptop\AppData\Local\Programs\MiKTeX\tex/latex/xcolor\xcolor.sty
Package: xcolor 2024/09/29 v3.02 LaTeX color extensions (UK)

(C:\Users\khoi-laptop\AppData\Local\Programs\MiKTeX\tex/latex/graphics-cfg\colo
r.cfg
File: color.cfg 2016/01/02 v1.6 sample color configuration
)
Package xcolor Info: Driver file: pdftex.def on input line 274.

(C:\Users\khoi-laptop\AppData\Local\Programs\MiKTeX\tex/latex/graphics\mathcolo
r.ltx)
Package xcolor Info: Model `cmy' substituted by `cmy0' on input line 1349.
Package xcolor Info: Model `hsb' substituted by `rgb' on input line 1353.
Package xcolor Info: Model `RGB' extended on input line 1365.
Package xcolor Info: Model `HTML' substituted by `rgb' on input line 1367.
Package xcolor Info: Model `Hsb' substituted by `hsb' on input line 1368.
Package xcolor Info: Model `tHsb' substituted by `hsb' on input line 1369.
Package xcolor Info: Model `HSB' substituted by `hsb' on input line 1370.
Package xcolor Info: Model `Gray' substituted by `gray' on input line 1371.
Package xcolor Info: Model `wave' substituted by `hsb' on input line 1372.
)
(C:\Users\khoi-laptop\AppData\Local\Programs\MiKTeX\tex/generic/pgf/basiclayer\
pgfcore.code.tex
Package: pgfcore 2025-08-29 v3.1.11a (3.1.11a)

(C:\Users\khoi-laptop\AppData\Local\Programs\MiKTeX\tex/generic/pgf/math\pgfmat
h.code.tex
(C:\Users\khoi-laptop\AppData\Local\Programs\MiKTeX\tex/generic/pgf/math\pgfmat
hutil.code.tex)
(C:\Users\khoi-laptop\AppData\Local\Programs\MiKTeX\tex/generic/pgf/math\pgfmat
hparser.code.tex
\pgfmath@dimen=\dimen172
\pgfmath@count=\count296
\pgfmath@box=\box54
\pgfmath@toks=\toks28
\pgfmath@stack@operand=\toks29
\pgfmath@stack@operation=\toks30
)
(C:\Users\khoi-laptop\AppData\Local\Programs\MiKTeX\tex/generic/pgf/math\pgfmat
hfunctions.code.tex)
(C:\Users\khoi-laptop\AppData\Local\Programs\MiKTeX\tex/generic/pgf/math\pgfmat
hfunctions.basic.code.tex)
(C:\Users\khoi-laptop\AppData\Local\Programs\MiKTeX\tex/generic/pgf/math\pgfmat
hfunctions.trigonometric.code.tex)
(C:\Users\khoi-laptop\AppData\Local\Programs\MiKTeX\tex/generic/pgf/math\pgfmat
hfunctions.random.code.tex)
(C:\Users\khoi-laptop\AppData\Local\Programs\MiKTeX\tex/generic/pgf/math\pgfmat
hfunctions.comparison.code.tex)
(C:\Users\khoi-laptop\AppData\Local\Programs\MiKTeX\tex/generic/pgf/math\pgfmat
hfunctions.base.code.tex)
(C:\Users\khoi-laptop\AppData\Local\Programs\MiKTeX\tex/generic/pgf/math\pgfmat
hfunctions.round.code.tex)
(C:\Users\khoi-laptop\AppData\Local\Programs\MiKTeX\tex/generic/pgf/math\pgfmat
hfunctions.misc.code.tex)
(C:\Users\khoi-laptop\AppData\Local\Programs\MiKTeX\tex/generic/pgf/math\pgfmat
hfunctions.integerarithmetics.code.tex)
(C:\Users\khoi-laptop\AppData\Local\Programs\MiKTeX\tex/generic/pgf/math\pgfmat
hcalc.code.tex)
(C:\Users\khoi-laptop\AppData\Local\Programs\MiKTeX\tex/generic/pgf/math\pgfmat
hfloat.code.tex
\c@pgfmathroundto@lastzeros=\count297
))
(C:\Users\khoi-laptop\AppData\Local\Programs\MiKTeX\tex/generic/pgf/math\pgfint
.code.tex)
(C:\Users\khoi-laptop\AppData\Local\Programs\MiKTeX\tex/generic/pgf/basiclayer\
pgfcorepoints.code.tex
File: pgfcorepoints.code.tex 2025-08-29 v3.1.11a (3.1.11a)
\pgf@picminx=\dimen173
\pgf@picmaxx=\dimen174
\pgf@picminy=\dimen175
\pgf@picmaxy=\dimen176
\pgf@pathminx=\dimen177
\pgf@pathmaxx=\dimen178
\pgf@pathminy=\dimen179
\pgf@pathmaxy=\dimen180
\pgf@xx=\dimen181
\pgf@xy=\dimen182
\pgf@yx=\dimen183
\pgf@yy=\dimen184
\pgf@zx=\dimen185
\pgf@zy=\dimen186
)
(C:\Users\khoi-laptop\AppData\Local\Programs\MiKTeX\tex/generic/pgf/basiclayer\
pgfcorepathconstruct.code.tex
File: pgfcorepathconstruct.code.tex 2025-08-29 v3.1.11a (3.1.11a)
\pgf@path@lastx=\dimen187
\pgf@path@lasty=\dimen188
)
(C:\Users\khoi-laptop\AppData\Local\Programs\MiKTeX\tex/generic/pgf/basiclayer\
pgfcorepathusage.code.tex
File: pgfcorepathusage.code.tex 2025-08-29 v3.1.11a (3.1.11a)
\pgf@shorten@end@additional=\dimen189
\pgf@shorten@start@additional=\dimen190
)
(C:\Users\khoi-laptop\AppData\Local\Programs\MiKTeX\tex/generic/pgf/basiclayer\
pgfcorescopes.code.tex
File: pgfcorescopes.code.tex 2025-08-29 v3.1.11a (3.1.11a)
\pgfpic=\box55
\pgf@hbox=\box56
\pgf@layerbox@main=\box57
\pgf@picture@serial@count=\count298
)
(C:\Users\khoi-laptop\AppData\Local\Programs\MiKTeX\tex/generic/pgf/basiclayer\
pgfcoregraphicstate.code.tex
File: pgfcoregraphicstate.code.tex 2025-08-29 v3.1.11a (3.1.11a)
\pgflinewidth=\dimen191
)
(C:\Users\khoi-laptop\AppData\Local\Programs\MiKTeX\tex/generic/pgf/basiclayer\
pgfcoretransformations.code.tex
File: pgfcoretransformations.code.tex 2025-08-29 v3.1.11a (3.1.11a)
\pgf@pt@x=\dimen192
\pgf@pt@y=\dimen193
\pgf@pt@temp=\dimen194
)
(C:\Users\khoi-laptop\AppData\Local\Programs\MiKTeX\tex/generic/pgf/basiclayer\
pgfcorequick.code.tex
File: pgfcorequick.code.tex 2025-08-29 v3.1.11a (3.1.11a)
)
(C:\Users\khoi-laptop\AppData\Local\Programs\MiKTeX\tex/generic/pgf/basiclayer\
pgfcoreobjects.code.tex
File: pgfcoreobjects.code.tex 2025-08-29 v3.1.11a (3.1.11a)
)
(C:\Users\khoi-laptop\AppData\Local\Programs\MiKTeX\tex/generic/pgf/basiclayer\
pgfcorepathprocessing.code.tex
File: pgfcorepathprocessing.code.tex 2025-08-29 v3.1.11a (3.1.11a)
)
(C:\Users\khoi-laptop\AppData\Local\Programs\MiKTeX\tex/generic/pgf/basiclayer\
pgfcorearrows.code.tex
File: pgfcorearrows.code.tex 2025-08-29 v3.1.11a (3.1.11a)
\pgfarrowsep=\dimen195
)
(C:\Users\khoi-laptop\AppData\Local\Programs\MiKTeX\tex/generic/pgf/basiclayer\
pgfcoreshade.code.tex
File: pgfcoreshade.code.tex 2025-08-29 v3.1.11a (3.1.11a)
\pgf@max=\dimen196
\pgf@sys@shading@range@num=\count299
\pgf@shadingcount=\count300
)
(C:\Users\khoi-laptop\AppData\Local\Programs\MiKTeX\tex/generic/pgf/basiclayer\
pgfcoreimage.code.tex
File: pgfcoreimage.code.tex 2025-08-29 v3.1.11a (3.1.11a)
)
(C:\Users\khoi-laptop\AppData\Local\Programs\MiKTeX\tex/generic/pgf/basiclayer\
pgfcoreexternal.code.tex
File: pgfcoreexternal.code.tex 2025-08-29 v3.1.11a (3.1.11a)
\pgfexternal@startupbox=\box58
)
(C:\Users\khoi-laptop\AppData\Local\Programs\MiKTeX\tex/generic/pgf/basiclayer\
pgfcorelayers.code.tex
File: pgfcorelayers.code.tex 2025-08-29 v3.1.11a (3.1.11a)
)
(C:\Users\khoi-laptop\AppData\Local\Programs\MiKTeX\tex/generic/pgf/basiclayer\
pgfcoretransparency.code.tex
File: pgfcoretransparency.code.tex 2025-08-29 v3.1.11a (3.1.11a)
)
(C:\Users\khoi-laptop\AppData\Local\Programs\MiKTeX\tex/generic/pgf/basiclayer\
pgfcorepatterns.code.tex
File: pgfcorepatterns.code.tex 2025-08-29 v3.1.11a (3.1.11a)
)
(C:\Users\khoi-laptop\AppData\Local\Programs\MiKTeX\tex/generic/pgf/basiclayer\
pgfcorerdf.code.tex
File: pgfcorerdf.code.tex 2025-08-29 v3.1.11a (3.1.11a)
)))
(C:\Users\khoi-laptop\AppData\Local\Programs\MiKTeX\tex/generic/pgf/modules\pgf
moduleshapes.code.tex
File: pgfmoduleshapes.code.tex 2025-08-29 v3.1.11a (3.1.11a)
\pgfnodeparttextbox=\box59
)
(C:\Users\khoi-laptop\AppData\Local\Programs\MiKTeX\tex/generic/pgf/modules\pgf
moduleplot.code.tex
File: pgfmoduleplot.code.tex 2025-08-29 v3.1.11a (3.1.11a)
)
(C:\Users\khoi-laptop\AppData\Local\Programs\MiKTeX\tex/latex/pgf/compatibility
\pgfcomp-version-0-65.sty
Package: pgfcomp-version-0-65 2025-08-29 v3.1.11a (3.1.11a)
\pgf@nodesepstart=\dimen197
\pgf@nodesepend=\dimen198
)
(C:\Users\khoi-laptop\AppData\Local\Programs\MiKTeX\tex/latex/pgf/compatibility
\pgfcomp-version-1-18.sty
Package: pgfcomp-version-1-18 2025-08-29 v3.1.11a (3.1.11a)
))
(C:\Users\khoi-laptop\AppData\Local\Programs\MiKTeX\tex/latex/pgf/utilities\pgf
for.sty
(C:\Users\khoi-laptop\AppData\Local\Programs\MiKTeX\tex/latex/pgf/utilities\pgf
keys.sty
(C:\Users\khoi-laptop\AppData\Local\Programs\MiKTeX\tex/generic/pgf/utilities\p
gfkeys.code.tex))
(C:\Users\khoi-laptop\AppData\Local\Programs\MiKTeX\tex/latex/pgf/math\pgfmath.
sty
(C:\Users\khoi-laptop\AppData\Local\Programs\MiKTeX\tex/generic/pgf/math\pgfmat
h.code.tex))
(C:\Users\khoi-laptop\AppData\Local\Programs\MiKTeX\tex/generic/pgf/utilities\p
gffor.code.tex
Package: pgffor 2025-08-29 v3.1.11a (3.1.11a)
\pgffor@iter=\dimen199
\pgffor@skip=\dimen256
\pgffor@stack=\toks31
\pgffor@toks=\toks32
))
(C:\Users\khoi-laptop\AppData\Local\Programs\MiKTeX\tex/generic/pgf/frontendlay
er/tikz\tikz.code.tex
Package: tikz 2025-08-29 v3.1.11a (3.1.11a)

(C:\Users\khoi-laptop\AppData\Local\Programs\MiKTeX\tex/generic/pgf/libraries\p
gflibraryplothandlers.code.tex
File: pgflibraryplothandlers.code.tex 2025-08-29 v3.1.11a (3.1.11a)
\pgf@plot@mark@count=\count301
\pgfplotmarksize=\dimen257
)
\tikz@lastx=\dimen258
\tikz@lasty=\dimen259
\tikz@lastxsaved=\dimen260
\tikz@lastysaved=\dimen261
\tikz@lastmovetox=\dimen262
\tikz@lastmovetoy=\dimen263
\tikzleveldistance=\dimen264
\tikzsiblingdistance=\dimen265
\tikz@figbox=\box60
\tikz@figbox@bg=\box61
\tikz@tempbox=\box62
\tikz@tempbox@bg=\box63
\tikztreelevel=\count302
\tikznumberofchildren=\count303
\tikznumberofcurrentchild=\count304
\tikz@fig@count=\count305

(C:\Users\khoi-laptop\AppData\Local\Programs\MiKTeX\tex/generic/pgf/modules\pgf
modulematrix.code.tex
File: pgfmodulematrix.code.tex 2025-08-29 v3.1.11a (3.1.11a)
\pgfmatrixcurrentrow=\count306
\pgfmatrixcurrentcolumn=\count307
\pgf@matrix@numberofcolumns=\count308
)
\tikz@expandcount=\count309

(C:\Users\khoi-laptop\AppData\Local\Programs\MiKTeX\tex/generic/pgf/frontendlay
er/tikz/libraries\tikzlibrarytopaths.code.tex
File: tikzlibrarytopaths.code.tex 2025-08-29 v3.1.11a (3.1.11a)
)))
(C:\Users\khoi-laptop\AppData\Local\Programs\MiKTeX\tex/generic/pgf/frontendlay
er/tikz/libraries\tikzlibrarycalc.code.tex
File: tikzlibrarycalc.code.tex 2025-08-29 v3.1.11a (3.1.11a)
)
(C:\Users\khoi-laptop\AppData\Local\Programs\MiKTeX\tex/latex/tools\indentfirst
.sty
Package: indentfirst 2023/07/02 v1.03 Indent first paragraph (DPC)
)
\thesmashminipage=\box64
) (cs.sty
Package: cs 

(C:\Users\khoi-laptop\AppData\Local\Programs\MiKTeX\tex/generic/pgf/frontendlay
er/tikz/libraries\tikzlibraryshapes.misc.code.tex
File: tikzlibraryshapes.misc.code.tex 2025-08-29 v3.1.11a (3.1.11a)

(C:\Users\khoi-laptop\AppData\Local\Programs\MiKTeX\tex/generic/pgf/libraries/s
hapes\pgflibraryshapes.misc.code.tex
File: pgflibraryshapes.misc.code.tex 2025-08-29 v3.1.11a (3.1.11a)
))
(C:\Users\khoi-laptop\AppData\Local\Programs\MiKTeX\tex/generic/pgf/frontendlay
er/tikz/libraries\tikzlibraryshapes.geometric.code.tex
File: tikzlibraryshapes.geometric.code.tex 2025-08-29 v3.1.11a (3.1.11a)

(C:\Users\khoi-laptop\AppData\Local\Programs\MiKTeX\tex/generic/pgf/libraries/s
hapes\pgflibraryshapes.geometric.code.tex
File: pgflibraryshapes.geometric.code.tex 2025-08-29 v3.1.11a (3.1.11a)
))
(C:\Users\khoi-laptop\AppData\Local\Programs\MiKTeX\tex/generic/pgf/frontendlay
er/tikz/libraries\tikzlibrarypositioning.code.tex
File: tikzlibrarypositioning.code.tex 2025-08-29 v3.1.11a (3.1.11a)
)
(C:\Users\khoi-laptop\AppData\Local\Programs\MiKTeX\tex/generic/pgf/frontendlay
er/tikz/libraries\tikzlibraryautomata.code.tex
File: tikzlibraryautomata.code.tex 2025-08-29 v3.1.11a (3.1.11a)

(C:\Users\khoi-laptop\AppData\Local\Programs\MiKTeX\tex/generic/pgf/frontendlay
er/tikz/libraries\tikzlibraryshapes.multipart.code.tex
File: tikzlibraryshapes.multipart.code.tex 2025-08-29 v3.1.11a (3.1.11a)

(C:\Users\khoi-laptop\AppData\Local\Programs\MiKTeX\tex/generic/pgf/libraries/s
hapes\pgflibraryshapes.multipart.code.tex
File: pgflibraryshapes.multipart.code.tex 2025-08-29 v3.1.11a (3.1.11a)
\pgfnodepartlowerbox=\box65
\pgfnodeparttwobox=\box66
\pgfnodepartthreebox=\box67
\pgfnodepartfourbox=\box68
\pgfnodeparttwentybox=\box69
\pgfnodepartnineteenbox=\box70
\pgfnodeparteighteenbox=\box71
\pgfnodepartseventeenbox=\box72
\pgfnodepartsixteenbox=\box73
\pgfnodepartfifteenbox=\box74
\pgfnodepartfourteenbox=\box75
\pgfnodepartthirteenbox=\box76
\pgfnodeparttwelvebox=\box77
\pgfnodepartelevenbox=\box78
\pgfnodeparttenbox=\box79
\pgfnodepartninebox=\box80
\pgfnodeparteightbox=\box81
\pgfnodepartsevenbox=\box82
\pgfnodepartsixbox=\box83
\pgfnodepartfivebox=\box84
)))
(C:\Users\khoi-laptop\AppData\Local\Programs\MiKTeX\tex/generic/pgf/frontendlay
er/tikz/libraries\tikzlibraryarrows.code.tex
File: tikzlibraryarrows.code.tex 2025-08-29 v3.1.11a (3.1.11a)

(C:\Users\khoi-laptop\AppData\Local\Programs\MiKTeX\tex/generic/pgf/libraries\p
gflibraryarrows.code.tex
File: pgflibraryarrows.code.tex 2025-08-29 v3.1.11a (3.1.11a)
\arrowsize=\dimen266
))
(C:\Users\khoi-laptop\AppData\Local\Programs\MiKTeX\tex/generic/pgf/libraries\p
gflibraryarrows.meta.code.tex
File: pgflibraryarrows.meta.code.tex 2025-08-29 v3.1.11a (3.1.11a)
\pgfarrowinset=\dimen267
\pgfarrowlength=\dimen268
\pgfarrowwidth=\dimen269
\pgfarrowlinewidth=\dimen270
)
(C:\Users\khoi-laptop\AppData\Local\Programs\MiKTeX\tex/generic/pgf/frontendlay
er/tikz/libraries\tikzlibraryfit.code.tex
File: tikzlibraryfit.code.tex 2025-08-29 v3.1.11a (3.1.11a)
)
(C:\Users\khoi-laptop\AppData\Local\Programs\MiKTeX\tex/generic/pgf/frontendlay
er/tikz/libraries\tikzlibrarybackgrounds.code.tex
File: tikzlibrarybackgrounds.code.tex 2025-08-29 v3.1.11a (3.1.11a)
\pgf@layerbox@background=\box85
\pgf@layerboxsaved@background=\box86
))
(C:\Users\khoi-laptop\AppData\Local\Programs\MiKTeX\tex/latex/microtype\microty
pe.sty
Package: microtype 2026/03/01 v3.2d Micro-typographical refinements (RS)

(C:\Users\khoi-laptop\AppData\Local\Programs\MiKTeX\tex/latex/etoolbox\etoolbox
.sty
Package: etoolbox 2025/10/02 v2.5m e-TeX tools for LaTeX (JAW)
\etb@tempcnta=\count310
)
\MT@toks=\toks33
\MT@tempbox=\box87
\MT@count=\count311
LaTeX Info: Redefining \noprotrusionifhmode on input line 1084.
LaTeX Info: Redefining \leftprotrusion on input line 1085.
\MT@prot@toks=\toks34
LaTeX Info: Redefining \rightprotrusion on input line 1104.
LaTeX Info: Redefining \textls on input line 1449.
\MT@outer@kern=\dimen271
LaTeX Info: Redefining \microtypecontext on input line 2053.
LaTeX Info: Redefining \textmicrotypecontext on input line 2070.
\MT@listname@count=\count312

(C:\Users\khoi-laptop\AppData\Local\Programs\MiKTeX\tex/latex/microtype\microty
pe-pdftex.def
File: microtype-pdftex.def 2026/03/01 v3.2d Definitions specific to pdftex (RS)

LaTeX Info: Redefining \lsstyle on input line 944.
LaTeX Info: Redefining \lslig on input line 944.
\MT@outer@space=\skip51
)
Package microtype Info: Loading configuration file microtype.cfg.

(C:\Users\khoi-laptop\AppData\Local\Programs\MiKTeX\tex/latex/microtype\microty
pe.cfg
File: microtype.cfg 2026/03/01 v3.2d microtype main configuration file (RS)
)
LaTeX Info: Redefining \microtypesetup on input line 3065.
)
(C:\Users\khoi-laptop\AppData\Local\Programs\MiKTeX\tex/latex/setspace\setspace
.sty
Package: setspace 2022/12/04 v6.7b set line spacing
)
(C:\Users\khoi-laptop\AppData\Local\Programs\MiKTeX\tex/latex/fancyhdr\fancyhdr
.sty
Package: fancyhdr 2025/02/07 v5.2 Extensive control of page headers and footers

\f@nch@headwidth=\skip52
\f@nch@offset@elh=\skip53
\f@nch@offset@erh=\skip54
\f@nch@offset@olh=\skip55
\f@nch@offset@orh=\skip56
\f@nch@offset@elf=\skip57
\f@nch@offset@erf=\skip58
\f@nch@offset@olf=\skip59
\f@nch@offset@orf=\skip60
\f@nch@height=\skip61
\f@nch@footalignment=\skip62
\f@nch@widthL=\skip63
\f@nch@widthC=\skip64
\f@nch@widthR=\skip65
\@temptokenb=\toks35
)
(C:\Users\khoi-laptop\AppData\Local\Programs\MiKTeX\tex/latex/titlesec\titlesec
.sty
Package: titlesec 2025/01/04 v2.17 Sectioning titles
\ttl@box=\box88
\beforetitleunit=\skip66
\aftertitleunit=\skip67
\ttl@plus=\dimen272
\ttl@minus=\dimen273
\ttl@toksa=\toks36
\titlewidth=\dimen274
\titlewidthlast=\dimen275
\titlewidthfirst=\dimen276
)
(C:\Users\khoi-laptop\AppData\Local\Programs\MiKTeX\tex/latex/titlesec\titletoc
.sty
Package: titletoc 2025/01/04 v2.17 TOC entries
\ttl@leftsep=\dimen277
)
(C:\Users\khoi-laptop\AppData\Local\Programs\MiKTeX\tex/latex/tocloft\tocloft.s
ty
Package: tocloft 2017/08/31 v2.3i parameterised ToC, etc., typesetting
Package tocloft Info: The document has chapter divisions on input line 51.
\cftparskip=\skip68
\cftbeforetoctitleskip=\skip69
\cftaftertoctitleskip=\skip70
\cftbeforepartskip=\skip71
\cftpartnumwidth=\skip72
\cftpartindent=\skip73
\cftbeforechapskip=\skip74
\cftchapindent=\skip75
\cftchapnumwidth=\skip76
\cftbeforesecskip=\skip77
\cftsecindent=\skip78
\cftsecnumwidth=\skip79
\cftbeforesubsecskip=\skip80
\cftsubsecindent=\skip81
\cftsubsecnumwidth=\skip82
\cftbeforesubsubsecskip=\skip83
\cftsubsubsecindent=\skip84
\cftsubsubsecnumwidth=\skip85
\cftbeforeparaskip=\skip86
\cftparaindent=\skip87
\cftparanumwidth=\skip88
\cftbeforesubparaskip=\skip89
\cftsubparaindent=\skip90
\cftsubparanumwidth=\skip91
\cftbeforeloftitleskip=\skip92
\cftafterloftitleskip=\skip93
\cftbeforefigskip=\skip94
\cftfigindent=\skip95
\cftfignumwidth=\skip96
\c@lofdepth=\count313
\c@lotdepth=\count314
\cftbeforelottitleskip=\skip97
\cftafterlottitleskip=\skip98
\cftbeforetabskip=\skip99
\cfttabindent=\skip100
\cfttabnumwidth=\skip101
)
(C:\Users\khoi-laptop\AppData\Local\Programs\MiKTeX\tex/latex/caption\caption.s
ty
Package: caption 2023/08/05 v3.6o Customizing captions (AR)

(C:\Users\khoi-laptop\AppData\Local\Programs\MiKTeX\tex/latex/caption\caption3.
sty
Package: caption3 2023/07/31 v2.4d caption3 kernel (AR)
\caption@tempdima=\dimen278
\captionmargin=\dimen279
\caption@leftmargin=\dimen280
\caption@rightmargin=\dimen281
\caption@width=\dimen282
\caption@indent=\dimen283
\caption@parindent=\dimen284
\caption@hangindent=\dimen285
Package caption Info: Standard document class detected.
)
\c@caption@flags=\count315
\c@continuedfloat=\count316
)
(C:\Users\khoi-laptop\AppData\Local\Programs\MiKTeX\tex/latex/amsmath\amsmath.s
ty
Package: amsmath 2025/07/09 v2.17z AMS math features
\@mathmargin=\skip102

For additional information on amsmath, use the `?' option.

(C:\Users\khoi-laptop\AppData\Local\Programs\MiKTeX\tex/latex/amsmath\amstext.s
ty
Package: amstext 2024/11/17 v2.01 AMS text

(C:\Users\khoi-laptop\AppData\Local\Programs\MiKTeX\tex/latex/amsmath\amsgen.st
y
File: amsgen.sty 1999/11/30 v2.0 generic functions
\@emptytoks=\toks37
\ex@=\dimen286
))
(C:\Users\khoi-laptop\AppData\Local\Programs\MiKTeX\tex/latex/amsmath\amsbsy.st
y
Package: amsbsy 1999/11/29 v1.2d Bold Symbols
\pmbraise@=\dimen287
)
(C:\Users\khoi-laptop\AppData\Local\Programs\MiKTeX\tex/latex/amsmath\amsopn.st
y
Package: amsopn 2022/04/08 v2.04 operator names
)
\inf@bad=\count317
LaTeX Info: Redefining \frac on input line 233.
\uproot@=\count318
\leftroot@=\count319
LaTeX Info: Redefining \overline on input line 398.
LaTeX Info: Redefining \colon on input line 409.
\classnum@=\count320
\DOTSCASE@=\count321
LaTeX Info: Redefining \ldots on input line 495.
LaTeX Info: Redefining \dots on input line 498.
LaTeX Info: Redefining \cdots on input line 619.
\Mathstrutbox@=\box89
\strutbox@=\box90
LaTeX Info: Redefining \big on input line 721.
LaTeX Info: Redefining \Big on input line 722.
LaTeX Info: Redefining \bigg on input line 723.
LaTeX Info: Redefining \Bigg on input line 724.
\big@size=\dimen288
LaTeX Font Info:    Redeclaring font encoding OML on input line 742.
LaTeX Font Info:    Redeclaring font encoding OMS on input line 743.
\macc@depth=\count322
LaTeX Info: Redefining \bmod on input line 904.
LaTeX Info: Redefining \pmod on input line 909.
LaTeX Info: Redefining \smash on input line 939.
LaTeX Info: Redefining \relbar on input line 969.
LaTeX Info: Redefining \Relbar on input line 970.
\c@MaxMatrixCols=\count323
\dotsspace@=\muskip17
\c@parentequation=\count324
\dspbrk@lvl=\count325
\tag@help=\toks38
\row@=\count326
\column@=\count327
\maxfields@=\count328
\andhelp@=\toks39
\eqnshift@=\dimen289
\alignsep@=\dimen290
\tagshift@=\dimen291
\tagwidth@=\dimen292
\totwidth@=\dimen293
\lineht@=\dimen294
\@envbody=\toks40
\multlinegap=\skip103
\multlinetaggap=\skip104
\mathdisplay@stack=\toks41
LaTeX Info: Redefining \[ on input line 2950.
LaTeX Info: Redefining \] on input line 2951.
)
(C:\Users\khoi-laptop\AppData\Local\Programs\MiKTeX\tex/latex/amsfonts\amssymb.
sty
Package: amssymb 2013/01/14 v3.01 AMS font symbols

(C:\Users\khoi-laptop\AppData\Local\Programs\MiKTeX\tex/latex/amsfonts\amsfonts
.sty
Package: amsfonts 2013/01/14 v3.01 Basic AMSFonts support
\symAMSa=\mathgroup6
\symAMSb=\mathgroup7
LaTeX Font Info:    Overwriting math alphabet `\mathfrak' in version `bold'
(Font)                  U/euf/m/n --> U/euf/b/n on input line 106.
))
(C:\Users\khoi-laptop\AppData\Local\Programs\MiKTeX\tex/latex/amscls\amsthm.sty
Package: amsthm 2020/05/29 v2.20.6
\thm@style=\toks42
\thm@bodyfont=\toks43
\thm@headfont=\toks44
\thm@notefont=\toks45
\thm@headpunct=\toks46
\thm@preskip=\skip105
\thm@postskip=\skip106
\thm@headsep=\skip107
\dth@everypar=\toks47
) (C:\Users\khoi-laptop\AppData\Local\Programs\MiKTeX\tex/latex/float\float.sty
Package: float 2001/11/08 v1.3d Float enhancements (AL)
\c@float@type=\count329
\float@exts=\toks48
\float@box=\box91
\@float@everytoks=\toks49
\@floatcapt=\box92
)
(C:\Users\khoi-laptop\AppData\Local\Programs\MiKTeX\tex/latex/caption\subcaptio
n.sty
Package: subcaption 2023/07/28 v1.6b Sub-captions (AR)
Package caption Info: New subtype `subfigure' on input line 238.
\c@subfigure=\count330
Package caption Info: New subtype `subtable' on input line 238.
\c@subtable=\count331
)
(C:\Users\khoi-laptop\AppData\Local\Programs\MiKTeX\tex/latex/booktabs\booktabs
.sty
Package: booktabs 2020/01/12 v1.61803398 Publication quality tables
\heavyrulewidth=\dimen295
\lightrulewidth=\dimen296
\cmidrulewidth=\dimen297
\belowrulesep=\dimen298
\belowbottomsep=\dimen299
\aboverulesep=\dimen300
\abovetopsep=\dimen301
\cmidrulesep=\dimen302
\cmidrulekern=\dimen303
\defaultaddspace=\dimen304
\@cmidla=\count332
\@cmidlb=\count333
\@aboverulesep=\dimen305
\@belowrulesep=\dimen306
\@thisruleclass=\count334
\@lastruleclass=\count335
\@thisrulewidth=\dimen307
)
(C:\Users\khoi-laptop\AppData\Local\Programs\MiKTeX\tex/latex/multirow\multirow
.sty
Package: multirow 2024/11/12 v2.9 Span multiple rows of a table
\multirow@colwidth=\skip108
\multirow@cntb=\count336
\multirow@dima=\skip109
\bigstrutjot=\dimen308
)
(C:\Users\khoi-laptop\AppData\Local\Programs\MiKTeX\tex/latex/tools\longtable.s
ty
Package: longtable 2025-10-13 v4.24 Multi-page Table package (DPC)
\LTleft=\skip110
\LTright=\skip111
\LTpre=\skip112
\LTpost=\skip113
\LTchunksize=\count337
\LTcapwidth=\dimen309
\LT@head=\box93
\LT@firsthead=\box94
\LT@foot=\box95
\LT@lastfoot=\box96
\LT@gbox=\box97
\LT@cols=\count338
\LT@rows=\count339
\c@LT@tables=\count340
\c@LT@chunks=\count341
\LT@p@ftn=\toks50
)
(C:\Users\khoi-laptop\AppData\Local\Programs\MiKTeX\tex/latex/tools\array.sty
Package: array 2025/09/25 v2.6n Tabular extension package (FMi)
\col@sep=\dimen310
\ar@mcellbox=\box98
\extrarowheight=\dimen311
\NC@list=\toks51
\extratabsurround=\skip114
\backup@length=\skip115
\ar@cellbox=\box99
)
(C:\Users\khoi-laptop\AppData\Local\Programs\MiKTeX\tex/latex/tools\tabularx.st
y
Package: tabularx 2023/12/11 v2.12a `tabularx' package (DPC)
\TX@col@width=\dimen312
\TX@old@table=\dimen313
\TX@old@col=\dimen314
\TX@target=\dimen315
\TX@delta=\dimen316
\TX@cols=\count342
\TX@ftn=\toks52
)
(C:\Users\khoi-laptop\AppData\Local\Programs\MiKTeX\tex/latex/colortbl\colortbl
.sty
Package: colortbl 2024/10/29 v1.0k Color table columns (DPC)
\everycr=\toks53
\minrowclearance=\skip116
\rownum=\count343
)
(C:\Users\khoi-laptop\AppData\Local\Programs\MiKTeX\tex/latex/listings\listings
.sty
\lst@mode=\count344
\lst@gtempboxa=\box100
\lst@token=\toks54
\lst@length=\count345
\lst@currlwidth=\dimen317
\lst@column=\count346
\lst@pos=\count347
\lst@lostspace=\dimen318
\lst@width=\dimen319
\lst@newlines=\count348
\lst@lineno=\count349
\lst@maxwidth=\dimen320

(C:\Users\khoi-laptop\AppData\Local\Programs\MiKTeX\tex/latex/listings\lstpatch
.sty
File: lstpatch.sty 2025/11/14 1.11b (Carsten Heinz)
)
(C:\Users\khoi-laptop\AppData\Local\Programs\MiKTeX\tex/latex/listings\lstmisc.
sty
File: lstmisc.sty 2025/11/14 1.11b (Carsten Heinz)
\c@lstnumber=\count350
\lst@skipnumbers=\count351
\lst@framebox=\box101
)
(C:\Users\khoi-laptop\AppData\Local\Programs\MiKTeX\tex/latex/listings\listings
.cfg
File: listings.cfg 2025/11/14 1.11b listings configuration
))
Package: listings 2025/11/14 1.11b (Carsten Heinz)

==> First Aid for listings.sty no longer applied!
    Expected:
        2024/09/23 1.10c (Carsten Heinz)
    but found:
        2025/11/14 1.11b (Carsten Heinz)
    so I'm assuming it got fixed.

(C:\Users\khoi-laptop\AppData\Local\Programs\MiKTeX\tex/latex/hyperref\hyperref
.sty
Package: hyperref 2025-07-12 v7.01o Hypertext links for LaTeX

(C:\Users\khoi-laptop\AppData\Local\Programs\MiKTeX\tex/latex/kvsetkeys\kvsetke
ys.sty
Package: kvsetkeys 2022-10-05 v1.19 Key value parser (HO)
)
(C:\Users\khoi-laptop\AppData\Local\Programs\MiKTeX\tex/generic/kvdefinekeys\kv
definekeys.sty
Package: kvdefinekeys 2019-12-19 v1.6 Define keys (HO)
)
(C:\Users\khoi-laptop\AppData\Local\Programs\MiKTeX\tex/generic/pdfescape\pdfes
cape.sty
Package: pdfescape 2019/12/09 v1.15 Implements pdfTeX's escape features (HO)

(C:\Users\khoi-laptop\AppData\Local\Programs\MiKTeX\tex/generic/ltxcmds\ltxcmds
.sty
Package: ltxcmds 2023-12-04 v1.26 LaTeX kernel commands for general use (HO)
)
(C:\Users\khoi-laptop\AppData\Local\Programs\MiKTeX\tex/generic/pdftexcmds\pdft
excmds.sty
Package: pdftexcmds 2020-06-27 v0.33 Utility functions of pdfTeX for LuaTeX (HO
)

(C:\Users\khoi-laptop\AppData\Local\Programs\MiKTeX\tex/generic/infwarerr\infwa
rerr.sty
Package: infwarerr 2019/12/03 v1.5 Providing info/warning/error messages (HO)
)
Package pdftexcmds Info: \pdf@primitive is available.
Package pdftexcmds Info: \pdf@ifprimitive is available.
Package pdftexcmds Info: \pdfdraftmode found.
))
(C:\Users\khoi-laptop\AppData\Local\Programs\MiKTeX\tex/latex/hycolor\hycolor.s
ty
Package: hycolor 2020-01-27 v1.10 Color options for hyperref/bookmark (HO)
)
(C:\Users\khoi-laptop\AppData\Local\Programs\MiKTeX\tex/latex/hyperref\nameref.
sty
Package: nameref 2025-06-21 v2.57 Cross-referencing by name of section

(C:\Users\khoi-laptop\AppData\Local\Programs\MiKTeX\tex/latex/refcount\refcount
.sty
Package: refcount 2019/12/15 v3.6 Data extraction from label references (HO)
)
(C:\Users\khoi-laptop\AppData\Local\Programs\MiKTeX\tex/generic/gettitlestring\
gettitlestring.sty
Package: gettitlestring 2019/12/15 v1.6 Cleanup title references (HO)

(C:\Users\khoi-laptop\AppData\Local\Programs\MiKTeX\tex/latex/kvoptions\kvoptio
ns.sty
Package: kvoptions 2022-06-15 v3.15 Key value format for package options (HO)
))
\c@section@level=\count352
)
(C:\Users\khoi-laptop\AppData\Local\Programs\MiKTeX\tex/generic/stringenc\strin
genc.sty
Package: stringenc 2019/11/29 v1.12 Convert strings between diff. encodings (HO
)
)
\@linkdim=\dimen321
\Hy@linkcounter=\count353
\Hy@pagecounter=\count354

(C:\Users\khoi-laptop\AppData\Local\Programs\MiKTeX\tex/latex/hyperref\pd1enc.d
ef
File: pd1enc.def 2025-07-12 v7.01o Hyperref: PDFDocEncoding definition (HO)
Now handling font encoding PD1 ...
... no UTF-8 mapping file for font encoding PD1
)
(C:\Users\khoi-laptop\AppData\Local\Programs\MiKTeX\tex/generic/intcalc\intcalc
.sty
Package: intcalc 2019/12/15 v1.3 Expandable calculations with integers (HO)
)
\Hy@SavedSpaceFactor=\count355

(C:\Users\khoi-laptop\AppData\Local\Programs\MiKTeX\tex/latex/hyperref\puenc.de
f
File: puenc.def 2025-07-12 v7.01o Hyperref: PDF Unicode definition (HO)
Now handling font encoding PU ...
... no UTF-8 mapping file for font encoding PU
)
Package hyperref Info: Option `colorlinks' set `true' on input line 4066.
Package hyperref Info: Option `bookmarksnumbered' set `true' on input line 4066
.
Package hyperref Info: Hyper figures OFF on input line 4195.
Package hyperref Info: Link nesting OFF on input line 4200.
Package hyperref Info: Hyper index ON on input line 4203.
Package hyperref Info: Plain pages OFF on input line 4210.
Package hyperref Info: Backreferencing OFF on input line 4215.
Package hyperref Info: Implicit mode ON; LaTeX internals redefined.
Package hyperref Info: Bookmarks ON on input line 4462.
\c@Hy@tempcnt=\count356
 (C:\Users\khoi-laptop\AppData\Local\Programs\MiKTeX\tex/latex/url\url.sty
\Urlmuskip=\muskip18
Package: url 2013/09/16  ver 3.4  Verb mode for urls, etc.
)
LaTeX Info: Redefining \url on input line 4801.
\XeTeXLinkMargin=\dimen322

(C:\Users\khoi-laptop\AppData\Local\Programs\MiKTeX\tex/generic/bitset\bitset.s
ty
Package: bitset 2019/12/09 v1.3 Handle bit-vector datatype (HO)

(C:\Users\khoi-laptop\AppData\Local\Programs\MiKTeX\tex/generic/bigintcalc\bigi
ntcalc.sty
Package: bigintcalc 2019/12/15 v1.5 Expandable calculations on big integers (HO
)
))
\Fld@menulength=\count357
\Field@Width=\dimen323
\Fld@charsize=\dimen324
Package hyperref Info: Hyper figures OFF on input line 6078.
Package hyperref Info: Link nesting OFF on input line 6083.
Package hyperref Info: Hyper index ON on input line 6086.
Package hyperref Info: backreferencing OFF on input line 6093.
Package hyperref Info: Link coloring ON on input line 6096.
Package hyperref Info: Link coloring with OCG OFF on input line 6103.
Package hyperref Info: PDF/A mode OFF on input line 6108.
\Hy@abspage=\count358
\c@Item=\count359
\c@Hfootnote=\count360
)
Package hyperref Info: Driver (autodetected): hpdftex.

(C:\Users\khoi-laptop\AppData\Local\Programs\MiKTeX\tex/latex/hyperref\hpdftex.
def
File: hpdftex.def 2025-07-12 v7.01o Hyperref driver for pdfTeX
\Fld@listcount=\count361
\c@bookmark@seq@number=\count362

(C:\Users\khoi-laptop\AppData\Local\Programs\MiKTeX\tex/latex/rerunfilecheck\re
runfilecheck.sty
Package: rerunfilecheck 2025-06-21 v1.11 Rerun checks for auxiliary files (HO)

(C:\Users\khoi-laptop\AppData\Local\Programs\MiKTeX\tex/generic/uniquecounter\u
niquecounter.sty
Package: uniquecounter 2019/12/15 v1.4 Provide unlimited unique counter (HO)
)
Package uniquecounter Info: New unique counter `rerunfilecheck' on input line 2
84.
)
\Hy@SectionHShift=\skip117
)
(C:\Users\khoi-laptop\AppData\Local\Programs\MiKTeX\tex/latex/cleveref\cleveref
.sty
Package: cleveref 2018/03/27 v0.21.4 Intelligent cross-referencing
Package cleveref Info: `hyperref' support loaded on input line 2370.
LaTeX Info: Redefining \cref on input line 2370.
LaTeX Info: Redefining \Cref on input line 2370.
LaTeX Info: Redefining \crefrange on input line 2370.
LaTeX Info: Redefining \Crefrange on input line 2370.
LaTeX Info: Redefining \cpageref on input line 2370.
LaTeX Info: Redefining \Cpageref on input line 2370.
LaTeX Info: Redefining \cpagerefrange on input line 2370.
LaTeX Info: Redefining \Cpagerefrange on input line 2370.
LaTeX Info: Redefining \labelcref on input line 2370.
LaTeX Info: Redefining \labelcpageref on input line 2370.
Package cleveref Info: `amsthm' support loaded on input line 3026.
Package cleveref Info: `listings' support loaded on input line 3131.
Package cleveref Info: always capitalise cross-reference names on input line 78
25.
Package cleveref Info: always capitalise cross-reference names on input line 78
52.
Package cleveref Info: no abbreviation of names on input line 7852.
)
==> First Aid for cleveref.sty applied!

(C:\Users\khoi-laptop\AppData\Local\Programs\MiKTeX\tex/latex/glossaries/base\g
lossaries.sty
Package: glossaries 2026/04/21 v5.1 (NLCT)

(C:\Users\khoi-laptop\AppData\Local\Programs\MiKTeX\tex/latex/base\ifthen.sty
Package: ifthen 2024/03/16 v1.1e Standard LaTeX ifthen package (DPC)
)
(C:\Users\khoi-laptop\AppData\Local\Programs\MiKTeX\tex/latex/xkeyval\xkeyval.s
ty
Package: xkeyval 2022/06/16 v2.9 package option processing (HA)

(C:\Users\khoi-laptop\AppData\Local\Programs\MiKTeX\tex/generic/xkeyval\xkeyval
.tex
(C:\Users\khoi-laptop\AppData\Local\Programs\MiKTeX\tex/generic/xkeyval\xkvutil
s.tex
\XKV@toks=\toks55
\XKV@tempa@toks=\toks56
)
\XKV@depth=\count363
File: xkeyval.tex 2014/12/03 v2.7a key=value parser (HA)
))
(C:\Users\khoi-laptop\AppData\Local\Programs\MiKTeX\tex/latex/mfirstuc\mfirstuc
.sty
Package: mfirstuc 2025/04/03 v2.09 (NLCT)
\@glsmfirst=\toks57
\@glsmrest=\toks58
)
(C:\Users\khoi-laptop\AppData\Local\Programs\MiKTeX\tex/latex/xfor\xfor.sty
Package: xfor 2009/02/05 v1.05 (NLCT)
)
(C:\Users\khoi-laptop\AppData\Local\Programs\MiKTeX\tex/latex/tracklang\trackla
ng.sty
Package: tracklang 2025/03/11 v1.6.6 (NLCT) Track Languages

(C:\Users\khoi-laptop\AppData\Local\Programs\MiKTeX\tex/generic/tracklang\track
lang.tex)
Package tracklang Info: Tracking dialect `vietnamese' (language `vietnamese') o
n input line 264.
Package tracklang Info: Tracking dialect `english' (language `english') on inpu
t line 264.
Package tracklang Info: Tracking dialect `english' (language `english') on inpu
t line 264.
Package tracklang Info: Tracking dialect `vietnamese' (language `vietnamese') o
n input line 264.
)
(C:\Users\khoi-laptop\AppData\Local\Programs\MiKTeX\tex/latex/translator\transl
ator.sty
Package: translator 2021-05-31 v1.12d Easy translation of strings in LaTeX
)

Package glossaries Warning: No language module detected for `vietnamese'.
(glossaries)                Language modules need to be installed separately.
(glossaries)                Please check on CTAN for a bundle called
(glossaries)                `glossaries-vietnamese' or similar.


(C:\Users\khoi-laptop\AppData\Local\Programs\MiKTeX\tex/latex/glossaries-englis
h\glossaries-english.ldf
File: glossaries-english.ldf 2014/11/23 v1.0
)
(C:\Users\khoi-laptop\AppData\Local\Programs\MiKTeX\tex/latex/datatool\datatool
-base.sty
Package: datatool-base 2025/12/04 v3.4.3 (NLCT)
\l__datatool_tmpa_int=\count364
\l__datatool_tmpb_int=\count365
\l__datatool_tmpc_int=\count366
\l__datatool_tmpd_int=\count367
\l__datatool_count_int=\count368
\l__datatool_tmp_datatype_int=\count369
\l__datatool_tmpa_dim=\dimen325
\l__datatool_tmpb_dim=\dimen326

(C:\Users\khoi-laptop\AppData\Local\Programs\MiKTeX\tex/latex/datatool\datatool
-l3fp.def
File: datatool-l3fp.def 2025/12/04 v3.4.3 (NLCT)
)
\@dtl@toks=\toks59
\@dtl@tmpcount=\count370
\dtl@tmplength=\skip118
\l__datatool_measure_box=\box102
\dtl@sortresult=\count371

(C:\Users\khoi-laptop\AppData\Local\Programs\MiKTeX\tex/latex/datatool\datatool
-utf8.ldf
File: datatool-utf8.ldf 2025/12/04 v3.4.3 (NLCT)
)
\@dtl@datatype=\count372
\c_datatool_unknown_int=\count373
\l__datatool_year_int=\count374
\l__datatool_month_int=\count375
\l__datatool_day_int=\count376
\l__datatool_hour_int=\count377
\l__datatool_minute_int=\count378
\l__datatool_second_int=\count379
\l__datatool_tzhour_int=\count380
\l__datatool_tzminute_int=\count381
\l__datatool_julian_int=\count382
\l__datatool_local_julian_int=\count383
\l__datatool_prefix_int=\count384
\l__datatool_suffix_int=\count385
\@dtl@foreach@level=\count386


Package tracklang Warning: No `datatool' support for dialect `vietnamese'  on i
nput line 9924.


Package tracklang Warning: No `datatool' support for dialect `english'  on inpu
t line 9924.

\dtl@codeA=\count387
\dtl@codeB=\count388
)
\gls@level=\count389
\@gls@tmpb=\toks60
\gls@tmplen=\skip119
\l__glossaries_tmpa_dim=\dimen327
\l__glossaries_tmpb_dim=\dimen328
\glskeylisttok=\toks61
\glslabeltok=\toks62
\glsshorttok=\toks63
\glslongtok=\toks64

(C:\Users\khoi-laptop\AppData\Local\Programs\MiKTeX\tex/latex/glossaries/styles
\glossary-hypernav.sty
Package: glossary-hypernav 2026/04/21 v5.1 (NLCT)
)
(C:\Users\khoi-laptop\AppData\Local\Programs\MiKTeX\tex/latex/glossaries/styles
\glossary-list.sty
Package: glossary-list 2026/04/21 v5.1 (NLCT)
\glslistdottedwidth=\skip120
)
(C:\Users\khoi-laptop\AppData\Local\Programs\MiKTeX\tex/latex/glossaries/styles
\glossary-long.sty
Package: glossary-long 2026/04/21 v5.1 (NLCT)
\glsdescwidth=\skip121
\glspagelistwidth=\skip122
)
(C:\Users\khoi-laptop\AppData\Local\Programs\MiKTeX\tex/latex/glossaries/styles
\glossary-super.sty
Package: glossary-super 2026/04/21 v5.1 (NLCT)

(C:\Users\khoi-laptop\AppData\Local\Programs\MiKTeX\tex/latex/supertabular\supe
rtabular.sty
Package: supertabular 2025/06/26 v4.2d the supertabular environment
\c@tracingst=\count390
\ST@wd=\dimen329
\ST@rightskip=\skip123
\ST@leftskip=\skip124
\ST@parfillskip=\skip125
\ST@pageleft=\dimen330
\ST@headht=\dimen331
\ST@tailht=\dimen332
\ST@pagesofar=\dimen333
\ST@pboxht=\dimen334
\ST@rowht=\dimen335
\ST@prevht=\dimen336
\ST@toadd=\dimen337
\ST@dimen=\dimen338
\ST@pbox=\box103
))
(C:\Users\khoi-laptop\AppData\Local\Programs\MiKTeX\tex/latex/glossaries/styles
\glossary-tree.sty
Package: glossary-tree 2026/04/21 v5.1 (NLCT)
\l__glossaries_tree_max_known_level_int=\count391
\l__glossaries_tree_offset_dim=\dimen339
\l__glossaries_tree_namewidth_dim=\dimen340
\l__glossaries_tree_symbolwidth_dim=\dimen341
\l__glossaries_tree_prenamesym_width_dim=\dimen342
\l__glossaries_tree_presubnamesym_width_dim=\dimen343
\l__glossaries_tree_namewidth_padding_dim=\dimen344
\l__glossaries_tree_symbolwidth_padding_dim=\dimen345
\l__glossaries_tree_namesymbolwidth_dim=\dimen346
\l__glossaries_tree_namesymbolwidth_padding_dim=\dimen347
\l__glossaries_tree_level_int=\count392
\glstreeindent=\skip126
))
\glswrite=\write4
\glo@main@file=\write5
\openout5 = `main.glo'.

Package glossaries Info: Writing glossary file main.glo on input line 192.
\glo@acronym@file=\write6
\openout6 = `main.acn'.

Package glossaries Info: Writing glossary file main.acn on input line 192.
 (acronyms.tex)
(C:\Users\khoi-laptop\AppData\Local\Programs\MiKTeX\tex/latex/enumitem\enumitem
.sty
Package: enumitem 2025/02/06 v3.11 Customized lists
\labelindent=\skip127
\enit@outerparindent=\dimen348
\enit@toks=\toks65
\enit@inbox=\box104
\enit@count@id=\count393
\enitdp@description=\count394
)
(C:\Users\khoi-laptop\AppData\Local\Programs\MiKTeX\tex/latex/pdfpages\pdfpages
.sty
Package: pdfpages 2026/03/30 v0.6h Insert pages of external PDF documents (AM)

(C:\Users\khoi-laptop\AppData\Local\Programs\MiKTeX\tex/latex/tools\calc.sty
Package: calc 2025/03/01 v4.3b Infix arithmetic (KKT,FJ)
\calc@Acount=\count395
\calc@Bcount=\count396
\calc@Adimen=\dimen349
\calc@Bdimen=\dimen350
\calc@Askip=\skip128
\calc@Bskip=\skip129
LaTeX Info: Redefining \setlength on input line 86.
LaTeX Info: Redefining \addtolength on input line 87.
\calc@Ccount=\count397
\calc@Cskip=\skip130
)
(C:\Users\khoi-laptop\AppData\Local\Programs\MiKTeX\tex/latex/eso-pic\eso-pic.s
ty
Package: eso-pic 2025/12/10 v3.0d eso-pic (RN)
\ESO@tempdima=\dimen351
\ESO@tempdimb=\dimen352
)
\AM@pagewidth=\dimen353
\AM@pageheight=\dimen354
\AM@fboxrule=\dimen355

(C:\Users\khoi-laptop\AppData\Local\Programs\MiKTeX\tex/latex/pdfpages\pppdftex
.def
File: pppdftex.def 2026/03/30 v0.6h Pdfpages driver for pdfTeX (AM)
)
\pdfpages@includegraphics@status=\count398
\AM@pagebox=\box105
\AM@global@opts=\toks66
\AM@pagecnt=\count399
\AM@toc@title=\toks67
\AM@lof@heading=\toks68
\c@AM@survey=\count400
\AM@templatesizebox=\box106
)
(C:\Users\khoi-laptop\AppData\Local\Programs\MiKTeX\tex/latex/tools\afterpage.s
ty
Package: afterpage 2023/07/04 v1.08 After-Page Package (DPC)
\AP@output=\toks69
\AP@partial=\box107
\AP@footins=\box108
)
(C:\Users\khoi-laptop\AppData\Local\Programs\MiKTeX\tex/latex/emptypage\emptypa
ge.sty
Package: emptypage 2010/05/30 v1.2 Suppress page numbers and headings on empty 
pages
)
LaTeX Font Info:    Trying to load font information for T1+ptm on input line 25
6.

(C:\Users\khoi-laptop\AppData\Local\Programs\MiKTeX\tex/latex/psnfss\t1ptm.fd
File: t1ptm.fd 2001/06/04 font definitions for T1/ptm.
)
(C:\Users\khoi-laptop\AppData\Local\Programs\MiKTeX\tex/latex/l3backend\l3backe
nd-pdftex.def
File: l3backend-pdftex.def 2025-10-09 L3 backend support: PDF output (pdfTeX)
\l__color_backend_stack_int=\count401
) (main.aux)
\openout1 = `main.aux'.

LaTeX Font Info:    Checking defaults for OML/cmm/m/it on input line 256.
LaTeX Font Info:    ... okay on input line 256.
LaTeX Font Info:    Checking defaults for OMS/cmsy/m/n on input line 256.
LaTeX Font Info:    ... okay on input line 256.
LaTeX Font Info:    Checking defaults for OT1/cmr/m/n on input line 256.
LaTeX Font Info:    ... okay on input line 256.
LaTeX Font Info:    Checking defaults for T1/cmr/m/n on input line 256.
LaTeX Font Info:    ... okay on input line 256.
LaTeX Font Info:    Checking defaults for TS1/cmr/m/n on input line 256.
LaTeX Font Info:    ... okay on input line 256.
LaTeX Font Info:    Checking defaults for OMX/cmex/m/n on input line 256.
LaTeX Font Info:    ... okay on input line 256.
LaTeX Font Info:    Checking defaults for U/cmr/m/n on input line 256.
LaTeX Font Info:    ... okay on input line 256.
LaTeX Font Info:    Checking defaults for T5/cmr/m/n on input line 256.
LaTeX Font Info:    Trying to load font information for T5+cmr on input line 25
6.

(C:\Users\khoi-laptop\AppData\Local\Programs\MiKTeX\tex/latex/vntex\t5cmr.fd
File: t5cmr.fd 1999/05/25 v2.5h Standard LaTeX font definitions
)
LaTeX Font Info:    ... okay on input line 256.
LaTeX Font Info:    Checking defaults for PD1/pdf/m/n on input line 256.
LaTeX Font Info:    ... okay on input line 256.
LaTeX Font Info:    Checking defaults for PU/pdf/m/n on input line 256.
LaTeX Font Info:    ... okay on input line 256.

(C:\Users\khoi-laptop\AppData\Local\Programs\MiKTeX\tex/context/base/mkii\supp-
pdf.mkii
[Loading MPS to PDF converter (version 2006.09.02).]
\scratchcounter=\count402
\scratchdimen=\dimen356
\scratchbox=\box109
\nofMPsegments=\count403
\nofMParguments=\count404
\everyMPshowfont=\toks70
\MPscratchCnt=\count405
\MPscratchDim=\dimen357
\MPnumerator=\count406
\makeMPintoPDFobject=\count407
\everyMPtoPDFconversion=\toks71
)
(C:\Users\khoi-laptop\AppData\Local\Programs\MiKTeX\tex/latex/epstopdf-pkg\epst
opdf-base.sty
Package: epstopdf-base 2020-01-24 v2.11 Base part for package epstopdf
Package epstopdf-base Info: Redefining graphics rule for `.eps' on input line 4
85.

(C:\Users\khoi-laptop\AppData\Local\Programs\MiKTeX\tex/latex/00miktex\epstopdf
-sys.cfg
File: epstopdf-sys.cfg 2021/03/18 v2.0 Configuration of epstopdf for MiKTeX
))
*geometry* driver: auto-detecting
*geometry* detected driver: pdftex
*geometry* verbose mode - [ preamble ] result:
* driver: pdftex
* paper: a4paper
* layout: <same size as paper>
* layoutoffset:(h,v)=(0.0pt,0.0pt)
* modes: 
* h-part:(L,W,R)=(85.35826pt, 455.24408pt, 56.90553pt)
* v-part:(T,H,B)=(56.9055pt, 702.78307pt, 85.35828pt)
* \paperwidth=597.50787pt
* \paperheight=845.04684pt
* \textwidth=455.24408pt
* \textheight=702.78307pt
* \oddsidemargin=13.08827pt
* \evensidemargin=13.08827pt
* \topmargin=-47.23828pt
* \headheight=12.0pt
* \headsep=19.8738pt
* \topskip=12.0pt
* \footskip=30.0pt
* \marginparwidth=38.0pt
* \marginparsep=7.0pt
* \columnsep=10.0pt
* \skip\footins=10.8pt plus 4.0pt minus 2.0pt
* \hoffset=0.0pt
* \voffset=0.0pt
* \mag=1000
* \@twocolumnfalse
* \@twosidefalse
* \@mparswitchfalse
* \@reversemarginfalse
* (1in=72.27pt=25.4mm, 1cm=28.453pt)

LaTeX Info: Redefining \microtypecontext on input line 256.
Package microtype Info: Applying patch `item' on input line 256.
Package microtype Info: Applying patch `toc' on input line 256.
Package microtype Info: Applying patch `eqnum' on input line 256.
Package microtype Info: Applying patch `footnote' on input line 256.
Package microtype Info: Applying patch `verbatim' on input line 256.
LaTeX Info: Redefining \microtypesetup on input line 256.
Package microtype Info: Generating PDF output.
Package microtype Info: Character protrusion enabled (level 2).
Package microtype Info: Using default protrusion set `alltext'.
Package microtype Info: Automatic font expansion enabled (level 2),
(microtype)             stretch: 20, shrink: 20, step: 1, non-selected.
Package microtype Info: Using default expansion set `alltext-nott'.
Package microtype Info: Patching command `\showhyphens'.
Package microtype Info: No adjustment of tracking.
Package microtype Info: No adjustment of interword spacing.
Package microtype Info: No adjustment of character kerning.

(C:\Users\khoi-laptop\AppData\Local\Programs\MiKTeX\tex/latex/microtype\mt-ptm.
cfg
File: mt-ptm.cfg 2006/04/20 v1.7 microtype config. file: Times (RS)
)
Package caption Info: Begin \AtBeginDocument code.
Package caption Info: float package is loaded.
Package caption Info: hyperref package is loaded.
Package caption Info: listings package is loaded.
Package caption Info: longtable package is loaded.

(C:\Users\khoi-laptop\AppData\Local\Programs\MiKTeX\tex/latex/caption\ltcaption
.sty
Package: ltcaption 2021/01/08 v1.4c longtable captions (AR)
)
Package caption Info: supertabular package is loaded.
Package caption Info: End \AtBeginDocument code.
\c@lstlisting=\count408
Package hyperref Info: Link coloring ON on input line 256.
 (main.out) (main.out)
\@outlinefile=\write7
\openout7 = `main.out'.


(C:\Users\khoi-laptop\AppData\Local\Programs\MiKTeX\tex/latex/pdflscape\pdflsca
pe.sty
Package: pdflscape 2022-10-27 v0.13 Display of landscape pages in PDF

(C:\Users\khoi-laptop\AppData\Local\Programs\MiKTeX\tex/latex/pdflscape\pdflsca
pe-nometadata.sty
Package: pdflscape-nometadata 2022-10-28 v0.13 Display of landscape pages in PD
F (HO)

(C:\Users\khoi-laptop\AppData\Local\Programs\MiKTeX\tex/latex/graphics\lscape.s
ty
Package: lscape 2020/05/28 v3.02 Landscape Pages (DPC)
)
Package pdflscape Info: Auto-detected driver: pdftex on input line 81.
))
<../image/01_logobachkhoasang.png, id=662, 845.0772pt x 597.6729pt>
File: ../image/01_logobachkhoasang.png Graphic file (type png)
<use ../image/01_logobachkhoasang.png>
Package pdftex.def Info: ../image/01_logobachkhoasang.png  used on input line 2
60.
(pdftex.def)             Requested size: 128.72902pt x 91.04872pt.
LaTeX Font Info:    Calculating math sizes for size <22> on input line 260.
LaTeX Font Info:    Trying to load font information for OT1+ztmcm on input line
 260.

(C:\Users\khoi-laptop\AppData\Local\Programs\MiKTeX\tex/latex/psnfss\ot1ztmcm.f
d
File: ot1ztmcm.fd 2000/01/03 Fontinst v1.801 font definitions for OT1/ztmcm.
)
Package microtype Info: Loading generic protrusion settings for font family
(microtype)             `ztmcm' (encoding: OT1).
(microtype)             For optimal results, create family-specific settings.
(microtype)             See the microtype manual for details.
LaTeX Font Info:    Trying to load font information for OML+ztmcm on input line
 260.

(C:\Users\khoi-laptop\AppData\Local\Programs\MiKTeX\tex/latex/psnfss\omlztmcm.f
d
File: omlztmcm.fd 2000/01/03 Fontinst v1.801 font definitions for OML/ztmcm.
)
LaTeX Font Info:    Trying to load font information for OMS+ztmcm on input line
 260.

(C:\Users\khoi-laptop\AppData\Local\Programs\MiKTeX\tex/latex/psnfss\omsztmcm.f
d
File: omsztmcm.fd 2000/01/03 Fontinst v1.801 font definitions for OMS/ztmcm.
)
LaTeX Font Info:    Trying to load font information for OMX+ztmcm on input line
 260.

(C:\Users\khoi-laptop\AppData\Local\Programs\MiKTeX\tex/latex/psnfss\omxztmcm.f
d
File: omxztmcm.fd 2000/01/03 Fontinst v1.801 font definitions for OMX/ztmcm.
)
LaTeX Font Info:    Trying to load font information for OT1+ptm on input line 2
60.

(C:\Users\khoi-laptop\AppData\Local\Programs\MiKTeX\tex/latex/psnfss\ot1ptm.fd
File: ot1ptm.fd 2001/06/04 font definitions for OT1/ptm.
)
LaTeX Font Info:    Font shape `OT1/ptm/bx/n' in size <22> not available
(Font)              Font shape `OT1/ptm/b/n' tried instead on input line 260.
LaTeX Font Info:    Font shape `OT1/ptm/bx/n' in size <16.28012> not available
(Font)              Font shape `OT1/ptm/b/n' tried instead on input line 260.
LaTeX Font Info:    Font shape `OT1/ptm/bx/n' in size <13.20013> not available
(Font)              Font shape `OT1/ptm/b/n' tried instead on input line 260.

(C:\Users\khoi-laptop\AppData\Local\Programs\MiKTeX\tex/latex/microtype\mt-msa.
cfg
File: mt-msa.cfg 2006/02/04 v1.1 microtype config. file: AMS symbols (a) (RS)
)
(C:\Users\khoi-laptop\AppData\Local\Programs\MiKTeX\tex/latex/microtype\mt-msb.
cfg
File: mt-msb.cfg 2005/06/01 v1.0 microtype config. file: AMS symbols (b) (RS)
)
LaTeX Font Info:    Font shape `OT1/ptm/bx/n' in size <12> not available
(Font)              Font shape `OT1/ptm/b/n' tried instead on input line 260.
LaTeX Font Info:    Font shape `OT1/ptm/bx/n' in size <9> not available
(Font)              Font shape `OT1/ptm/b/n' tried instead on input line 260.
LaTeX Font Info:    Font shape `OT1/ptm/bx/n' in size <7> not available
(Font)              Font shape `OT1/ptm/b/n' tried instead on input line 260.

Overfull \hbox (17.6207pt too wide) in paragraph at lines 260--260
[][] 
 []

[1

\openout4 = `main.ist'.


{C:/Users/khoi-laptop/AppData/Local/MiKTeX/fonts/map/pdftex/pdftex.map}{C:/User
s/khoi-laptop/AppData/Local/Programs/MiKTeX/fonts/enc/dvips/base/8r.enc} <../im
age/01_logobachkhoasang.png>]
LaTeX Font Info:    Trying to load font information for T5+ptm on input line 26
5.

(C:\Users\khoi-laptop\AppData\Local\Programs\MiKTeX\tex/latex/vntex\t5ptm.fd
File: t5utm.fd 2005/08/24 Fontinst v1.929 font definitions for T5/ptm.
)

Package microtype Warning: I cannot find a protrusion list for font
(microtype)                `T5/ptm/m/n/10.95'. Switching off
(microtype)                protrusion for this font on input line 265.

Package babel Info: 'vietnamese' activates 'vietnamese' shorthands.
(babel)             Reported on input line 265.

Package microtype Warning: I cannot find a protrusion list for font
(microtype)                `T5/ptm/b/n/10.95'. Switching off
(microtype)                protrusion for this font on input line 273.

[2

{C:/Users/khoi-laptop/AppData/Local/Programs/MiKTeX/fonts/enc/dvips/vntex/t5.en
c}]
pdfTeX warning (ext4): destination with the same identifier (name{page.i}) has 
been already used, duplicate ignored
<to be read again> 
                   \relax 
l.292 \begin{abstract}
                       [1

]
LaTeX Font Info:    Trying to load font information for T1+pcr on input line 29
6.

(C:\Users\khoi-laptop\AppData\Local\Programs\MiKTeX\tex/latex/psnfss\t1pcr.fd
File: t1pcr.fd 2001/06/04 font definitions for T1/pcr.
)
Package microtype Info: Loading generic protrusion settings for font family
(microtype)             `pcr' (encoding: T1).
(microtype)             For optimal results, create family-specific settings.
(microtype)             See the microtype manual for details.

pdfTeX warning (ext4): destination with the same identifier (name{page.i}) has 
been already used, duplicate ignored
<to be read again> 
                   \relax 
l.320 \end{abstract}
                     [1

]
LaTeX Font Info:    Trying to load font information for T1+phv on input line 32
3.

(C:\Users\khoi-laptop\AppData\Local\Programs\MiKTeX\tex/latex/psnfss\t1phv.fd
File: t1phv.fd 2020/03/25 scalable font definitions for T1/phv.
)
LaTeX Font Info:    Font shape `T1/phv/m/n' will be
(Font)              scaled to size 10.56006pt on input line 323.
Package microtype Info: Loading generic protrusion settings for font family
(microtype)             `phv' (encoding: T1).
(microtype)             For optimal results, create family-specific settings.
(microtype)             See the microtype manual for details.
LaTeX Font Info:    Font shape `T1/phv/m/n' will be
(Font)              scaled to size 21.89452pt on input line 323.
LaTeX Font Info:    Font shape `T1/phv/b/n' will be
(Font)              scaled to size 21.89452pt on input line 323.

(main.toc
LaTeX Font Info:    Font shape `T1/phv/b/n' will be
(Font)              scaled to size 10.56006pt on input line 3.
LaTeX Font Info:    Font shape `T1/phv/m/n' will be
(Font)              scaled to size 9.63605pt on input line 17.

pdfTeX warning (ext4): destination with the same identifier (name{page.i}) has 
been already used, duplicate ignored
<to be read again> 
                   \relax 
l.48 ...\numberline {2.6}Summary}{15}{section.2.6}
                                                  % [1

]
pdfTeX warning (ext4): destination with the same identifier (name{page.ii}) has
 been already used, duplicate ignored
<to be read again> 
                   \relax 
l.89 ...ne {4.3}VPU Architecture}{34}{section.4.3}
                                                  % [2] [3] [4])
\tf@toc=\write8
\openout8 = `main.toc'.

 [5] (main.lof)
\tf@lof=\write9
\openout9 = `main.lof'.

[6

] (main.lot)
\tf@lot=\write10
\openout10 = `main.lot'.

 (main.acr [7

]) [8


] (chapters/ch1_introduction.tex
Chapter 1.
LaTeX Font Info:    Font shape `T1/phv/b/n' will be
(Font)              scaled to size 52.8003pt on input line 1.
LaTeX Font Info:    Font shape `T1/phv/m/n' will be
(Font)              scaled to size 12.67206pt on input line 4.
LaTeX Font Info:    Font shape `T1/phv/b/n' will be
(Font)              scaled to size 12.67206pt on input line 4.
[1


]

Package fancyhdr Warning: \headheight is too small (12.0pt): 
(fancyhdr)                Make it at least 13.59999pt, for example:
(fancyhdr)                \setlength{\headheight}{13.59999pt}.
(fancyhdr)                You might also make \topmargin smaller:
(fancyhdr)                \addtolength{\topmargin}{-1.59999pt}.

[2]

Package fancyhdr Warning: \headheight is too small (12.0pt): 
(fancyhdr)                Make it at least 13.59999pt, for example:
(fancyhdr)                \setlength{\headheight}{13.59999pt}.
(fancyhdr)                You might also make \topmargin smaller:
(fancyhdr)                \addtolength{\topmargin}{-1.59999pt}.

[3]

Package fancyhdr Warning: \headheight is too small (12.0pt): 
(fancyhdr)                Make it at least 13.59999pt, for example:
(fancyhdr)                \setlength{\headheight}{13.59999pt}.
(fancyhdr)                You might also make \topmargin smaller:
(fancyhdr)                \addtolength{\topmargin}{-1.59999pt}.

[4]

Package fancyhdr Warning: \headheight is too small (12.0pt): 
(fancyhdr)                Make it at least 13.59999pt, for example:
(fancyhdr)                \setlength{\headheight}{13.59999pt}.
(fancyhdr)                You might also make \topmargin smaller:
(fancyhdr)                \addtolength{\topmargin}{-1.59999pt}.

[5]) (chapters/ch2_background.tex

Package fancyhdr Warning: \headheight is too small (12.0pt): 
(fancyhdr)                Make it at least 13.59999pt, for example:
(fancyhdr)                \setlength{\headheight}{13.59999pt}.
(fancyhdr)                You might also make \topmargin smaller:
(fancyhdr)                \addtolength{\topmargin}{-1.59999pt}.

[6]
Chapter 2.
[7

]

Package fancyhdr Warning: \headheight is too small (12.0pt): 
(fancyhdr)                Make it at least 13.59999pt, for example:
(fancyhdr)                \setlength{\headheight}{13.59999pt}.
(fancyhdr)                You might also make \topmargin smaller:
(fancyhdr)                \addtolength{\topmargin}{-1.59999pt}.

[8]

Package fancyhdr Warning: \headheight is too small (12.0pt): 
(fancyhdr)                Make it at least 13.59999pt, for example:
(fancyhdr)                \setlength{\headheight}{13.59999pt}.
(fancyhdr)                You might also make \topmargin smaller:
(fancyhdr)                \addtolength{\topmargin}{-1.59999pt}.

[9]
LaTeX Font Info:    Trying to load font information for TS1+ptm on input line 1
80.

(C:\Users\khoi-laptop\AppData\Local\Programs\MiKTeX\tex/latex/psnfss\ts1ptm.fd
File: ts1ptm.fd 2001/06/04 font definitions for TS1/ptm.
)

Package fancyhdr Warning: \headheight is too small (12.0pt): 
(fancyhdr)                Make it at least 13.59999pt, for example:
(fancyhdr)                \setlength{\headheight}{13.59999pt}.
(fancyhdr)                You might also make \topmargin smaller:
(fancyhdr)                \addtolength{\topmargin}{-1.59999pt}.

[10]

Package fancyhdr Warning: \headheight is too small (12.0pt): 
(fancyhdr)                Make it at least 13.59999pt, for example:
(fancyhdr)                \setlength{\headheight}{13.59999pt}.
(fancyhdr)                You might also make \topmargin smaller:
(fancyhdr)                \addtolength{\topmargin}{-1.59999pt}.

[11]

Package fancyhdr Warning: \headheight is too small (12.0pt): 
(fancyhdr)                Make it at least 13.59999pt, for example:
(fancyhdr)                \setlength{\headheight}{13.59999pt}.
(fancyhdr)                You might also make \topmargin smaller:
(fancyhdr)                \addtolength{\topmargin}{-1.59999pt}.

[12]

Package fancyhdr Warning: \headheight is too small (12.0pt): 
(fancyhdr)                Make it at least 13.59999pt, for example:
(fancyhdr)                \setlength{\headheight}{13.59999pt}.
(fancyhdr)                You might also make \topmargin smaller:
(fancyhdr)                \addtolength{\topmargin}{-1.59999pt}.

[13]
LaTeX Font Info:    Font shape `T1/phv/b/n' will be
(Font)              scaled to size 9.63605pt on input line 368.


Package fancyhdr Warning: \headheight is too small (12.0pt): 
(fancyhdr)                Make it at least 13.59999pt, for example:
(fancyhdr)                \setlength{\headheight}{13.59999pt}.
(fancyhdr)                You might also make \topmargin smaller:
(fancyhdr)                \addtolength{\topmargin}{-1.59999pt}.

[14]) (chapters/ch3_specification.tex

Package fancyhdr Warning: \headheight is too small (12.0pt): 
(fancyhdr)                Make it at least 13.59999pt, for example:
(fancyhdr)                \setlength{\headheight}{13.59999pt}.
(fancyhdr)                You might also make \topmargin smaller:
(fancyhdr)                \addtolength{\topmargin}{-1.59999pt}.

[15]
Chapter 3.
[16

]
Underfull \hbox (badness 2735) in paragraph at lines 74--77
[]\T1/ptm/b/n/12 (+20) Code style. \T1/ptm/m/n/12 (+20) All RTL shall use \T1/p
cr/m/n/12 logic \T1/ptm/m/n/12 (+20) types (not \T1/pcr/m/n/12 wire\T1/ptm/m/n/
12 (+20) / \T1/pcr/m/n/12 reg \T1/ptm/m/n/12 (+20) dis-tinc-tions),
 []


Underfull \hbox (badness 2818) in paragraph at lines 74--77
\T1/pcr/m/n/12 always_ff\T1/ptm/m/n/12 (+20) /\T1/pcr/m/n/12 always_comb \T1/pt
m/m/n/12 (+20) blocks (not \T1/pcr/m/n/12 always @(*)\T1/ptm/m/n/12 (+20) ), an
d \T1/pcr/m/n/12 typedef enum
 []


Overfull \hbox (32.94963pt too wide) in paragraph at lines 99--114
 [][] 
 []


Package fancyhdr Warning: \headheight is too small (12.0pt): 
(fancyhdr)                Make it at least 13.59999pt, for example:
(fancyhdr)                \setlength{\headheight}{13.59999pt}.
(fancyhdr)                You might also make \topmargin smaller:
(fancyhdr)                \addtolength{\topmargin}{-1.59999pt}.

[17]
Overfull \hbox (69.7905pt too wide) in paragraph at lines 157--171
 [][] 
 []


Package fancyhdr Warning: \headheight is too small (12.0pt): 
(fancyhdr)                Make it at least 13.59999pt, for example:
(fancyhdr)                \setlength{\headheight}{13.59999pt}.
(fancyhdr)                You might also make \topmargin smaller:
(fancyhdr)                \addtolength{\topmargin}{-1.59999pt}.

[18]

Package fancyhdr Warning: \headheight is too small (12.0pt): 
(fancyhdr)                Make it at least 13.59999pt, for example:
(fancyhdr)                \setlength{\headheight}{13.59999pt}.
(fancyhdr)                You might also make \topmargin smaller:
(fancyhdr)                \addtolength{\topmargin}{-1.59999pt}.

[19]

Package fancyhdr Warning: \headheight is too small (12.0pt): 
(fancyhdr)                Make it at least 13.59999pt, for example:
(fancyhdr)                \setlength{\headheight}{13.59999pt}.
(fancyhdr)                You might also make \topmargin smaller:
(fancyhdr)                \addtolength{\topmargin}{-1.59999pt}.

[20]

Package fancyhdr Warning: \headheight is too small (12.0pt): 
(fancyhdr)                Make it at least 13.59999pt, for example:
(fancyhdr)                \setlength{\headheight}{13.59999pt}.
(fancyhdr)                You might also make \topmargin smaller:
(fancyhdr)                \addtolength{\topmargin}{-1.59999pt}.

[21]
<../image/harvard_architecture.png, id=1247, 710.655pt x 520.94624pt>
File: ../image/harvard_architecture.png Graphic file (type png)
<use ../image/harvard_architecture.png>
Package pdftex.def Info: ../image/harvard_architecture.png  used on input line 
350.
(pdftex.def)             Requested size: 455.24408pt x 333.72241pt.


Package fancyhdr Warning: \headheight is too small (12.0pt): 
(fancyhdr)                Make it at least 13.59999pt, for example:
(fancyhdr)                \setlength{\headheight}{13.59999pt}.
(fancyhdr)                You might also make \topmargin smaller:
(fancyhdr)                \addtolength{\topmargin}{-1.59999pt}.

[22]
Underfull \hbox (badness 6412) in paragraph at lines 380--384
[]\T1/ptm/m/n/12 (+20) The \T1/pcr/m/n/12 imem.hex \T1/ptm/m/n/12 (+20) file is
 gen-er-ated from the com-piled firmware ELF by the
 []


Package fancyhdr Warning: \headheight is too small (12.0pt): 
(fancyhdr)                Make it at least 13.59999pt, for example:
(fancyhdr)                \setlength{\headheight}{13.59999pt}.
(fancyhdr)                You might also make \topmargin smaller:
(fancyhdr)                \addtolength{\topmargin}{-1.59999pt}.

[23 <../image/harvard_architecture.png>]

Package fancyhdr Warning: \headheight is too small (12.0pt): 
(fancyhdr)                Make it at least 13.59999pt, for example:
(fancyhdr)                \setlength{\headheight}{13.59999pt}.
(fancyhdr)                You might also make \topmargin smaller:
(fancyhdr)                \addtolength{\topmargin}{-1.59999pt}.

[24]
LaTeX Font Info:    Font shape `T1/phv/m/it' in size <12> not available
(Font)              Font shape `T1/phv/m/sl' tried instead on input line 468.
LaTeX Font Info:    Font shape `T1/phv/m/sl' will be
(Font)              scaled to size 10.56006pt on input line 468.


Package fancyhdr Warning: \headheight is too small (12.0pt): 
(fancyhdr)                Make it at least 13.59999pt, for example:
(fancyhdr)                \setlength{\headheight}{13.59999pt}.
(fancyhdr)                You might also make \topmargin smaller:
(fancyhdr)                \addtolength{\topmargin}{-1.59999pt}.

[25]
Package hyperref Info: bookmark level for unknown lstlisting defaults to 0 on i
nput line 502.
LaTeX Font Info:    Font shape `T1/pcr/m/it' in size <10.95> not available
(Font)              Font shape `T1/pcr/m/sl' tried instead on input line 503.


Package fancyhdr Warning: \headheight is too small (12.0pt): 
(fancyhdr)                Make it at least 13.59999pt, for example:
(fancyhdr)                \setlength{\headheight}{13.59999pt}.
(fancyhdr)                You might also make \topmargin smaller:
(fancyhdr)                \addtolength{\topmargin}{-1.59999pt}.

[26]
Underfull \hbox (badness 1558) in paragraph at lines 547--552
[]\T1/ptm/m/n/12 (+20) The de-sign shall achieve a min-i-mum $\OML/ztmcm/m/it/1
2 F[]$ \T1/ptm/m/n/12 (+20) of 50 MHz on the In-tel Cy-clone V
 []


Package fancyhdr Warning: \headheight is too small (12.0pt): 
(fancyhdr)                Make it at least 13.59999pt, for example:
(fancyhdr)                \setlength{\headheight}{13.59999pt}.
(fancyhdr)                You might also make \topmargin smaller:
(fancyhdr)                \addtolength{\topmargin}{-1.59999pt}.

[27]) (chapters/ch4_hardware.tex

Package fancyhdr Warning: \headheight is too small (12.0pt): 
(fancyhdr)                Make it at least 13.59999pt, for example:
(fancyhdr)                \setlength{\headheight}{13.59999pt}.
(fancyhdr)                You might also make \topmargin smaller:
(fancyhdr)                \addtolength{\topmargin}{-1.59999pt}.

[28]
Chapter 4.

Underfull \hbox (badness 1888) in paragraph at lines 4--11
[]\T1/ptm/m/n/12 (+20) This chap-ter presents the com-plete mi-croar-chi-tec-tu
ral de-sign of the [][][]Re-duced In-
 []


Underfull \hbox (badness 4242) in paragraph at lines 4--11
\T1/ptm/m/n/12 (+20) struc-tion Set Com-puter V (RISC-V)[][] [][][]VPU[][] sys-
tem. The de-sign im-ple-ments the
 []


Underfull \hbox (badness 6332) in paragraph at lines 4--11
\T1/pcr/m/n/12 rv32im_zicsr_zve32x_zvl128b \T1/ptm/m/n/12 (+20) in-struc-tion s
et, tar-get-ing [][][]ASIC[][] tape-out with
 []

<../image/TOP_design.png, id=1322, 2142.0025pt x 2104.86375pt>
File: ../image/TOP_design.png Graphic file (type png)
<use ../image/TOP_design.png>
Package pdftex.def Info: ../image/TOP_design.png  used on input line 31.
(pdftex.def)             Requested size: 455.24408pt x 447.33385pt.
[29

]

Package fancyhdr Warning: \headheight is too small (12.0pt): 
(fancyhdr)                Make it at least 13.59999pt, for example:
(fancyhdr)                \setlength{\headheight}{13.59999pt}.
(fancyhdr)                You might also make \topmargin smaller:
(fancyhdr)                \addtolength{\topmargin}{-1.59999pt}.

[30 <../image/TOP_design.png>]
Underfull \hbox (badness 3525) in paragraph at lines 56--62
[]\T1/ptm/m/n/12 (+20) No clock gat-ing cells are in-stan-ti-ated ex-plic-itly 
in RTL; clock en-able sig-nals
 []


Overfull \hbox (211.39821pt too wide) in paragraph at lines 70--89
 [][] 
 []

<../image/Top-level_block_diagram.png, id=1339, 1819.79875pt x 995.72pt>
File: ../image/Top-level_block_diagram.png Graphic file (type png)
<use ../image/Top-level_block_diagram.png>
Package pdftex.def Info: ../image/Top-level_block_diagram.png  used on input li
ne 106.
(pdftex.def)             Requested size: 455.24408pt x 249.08131pt.

Package fancyhdr Warning: \headheight is too small (12.0pt): 
(fancyhdr)                Make it at least 13.59999pt, for example:
(fancyhdr)                \setlength{\headheight}{13.59999pt}.
(fancyhdr)                You might also make \topmargin smaller:
(fancyhdr)                \addtolength{\topmargin}{-1.59999pt}.

[31]
Underfull \hbox (badness 4673) in paragraph at lines 120--127
\T1/pcr/m/n/12 j_taken\T1/ptm/m/n/12 (+20) , \T1/pcr/m/n/12 ImmSel\T1/ptm/m/n/1
2 (+20) , \T1/pcr/m/n/12 alu_op\T1/ptm/m/n/12 (+20) , \T1/pcr/m/n/12 wb_sel\T1/
ptm/m/n/12 (+20) , \T1/pcr/m/n/12 mem_wren\T1/ptm/m/n/12 (+20) , \T1/pcr/m/n/12
 rd_wren\T1/ptm/m/n/12 (+20) , \T1/pcr/m/n/12 is_load\T1/ptm/m/n/12 (+20) , and

 []


Package fancyhdr Warning: \headheight is too small (12.0pt): 
(fancyhdr)                Make it at least 13.59999pt, for example:
(fancyhdr)                \setlength{\headheight}{13.59999pt}.
(fancyhdr)                You might also make \topmargin smaller:
(fancyhdr)                \addtolength{\topmargin}{-1.59999pt}.

[32 <../image/Top-level_block_diagram.png>]

Package fancyhdr Warning: \headheight is too small (12.0pt): 
(fancyhdr)                Make it at least 13.59999pt, for example:
(fancyhdr)                \setlength{\headheight}{13.59999pt}.
(fancyhdr)                You might also make \topmargin smaller:
(fancyhdr)                \addtolength{\topmargin}{-1.59999pt}.

[33]

Package fancyhdr Warning: \headheight is too small (12.0pt): 
(fancyhdr)                Make it at least 13.59999pt, for example:
(fancyhdr)                \setlength{\headheight}{13.59999pt}.
(fancyhdr)                You might also make \topmargin smaller:
(fancyhdr)                \addtolength{\topmargin}{-1.59999pt}.

[34]
<../image/vpu_top_wrapper.png, id=1385, 1849.91125pt x 1523.6925pt>
File: ../image/vpu_top_wrapper.png Graphic file (type png)
<use ../image/vpu_top_wrapper.png>
Package pdftex.def Info: ../image/vpu_top_wrapper.png  used on input line 250.
(pdftex.def)             Requested size: 455.24408pt x 374.94704pt.

Overfull \hbox (16.83063pt too wide) in paragraph at lines 288--289
[]|\T1/pcr/m/n/12 {vma,vta,vsew[2:0],vlmul[2:0]}| 
 []


Package fancyhdr Warning: \headheight is too small (12.0pt): 
(fancyhdr)                Make it at least 13.59999pt, for example:
(fancyhdr)                \setlength{\headheight}{13.59999pt}.
(fancyhdr)                You might also make \topmargin smaller:
(fancyhdr)                \addtolength{\topmargin}{-1.59999pt}.

[35 <../image/vpu_top_wrapper.png (PNG copy)>]

Package fancyhdr Warning: \headheight is too small (12.0pt): 
(fancyhdr)                Make it at least 13.59999pt, for example:
(fancyhdr)                \setlength{\headheight}{13.59999pt}.
(fancyhdr)                You might also make \topmargin smaller:
(fancyhdr)                \addtolength{\topmargin}{-1.59999pt}.

[36]
Underfull \hbox (badness 4621) in paragraph at lines 320--323
[]\T1/ptm/m/n/12 (+20) Instructions \T1/pcr/m/n/12 vredsum.vs\T1/ptm/m/n/12 (+2
0) , \T1/pcr/m/n/12 vredmax.vs\T1/ptm/m/n/12 (+20) , etc. use
 []


Package fancyhdr Warning: \headheight is too small (12.0pt): 
(fancyhdr)                Make it at least 13.59999pt, for example:
(fancyhdr)                \setlength{\headheight}{13.59999pt}.
(fancyhdr)                You might also make \topmargin smaller:
(fancyhdr)                \addtolength{\topmargin}{-1.59999pt}.

[37]
Overfull \hbox (49.40944pt too wide) in paragraph at lines 421--422
 [][] 
 []


Overfull \hbox (110.80902pt too wide) in paragraph at lines 432--460
 [][] 
 []


Package fancyhdr Warning: \headheight is too small (12.0pt): 
(fancyhdr)                Make it at least 13.59999pt, for example:
(fancyhdr)                \setlength{\headheight}{13.59999pt}.
(fancyhdr)                You might also make \topmargin smaller:
(fancyhdr)                \addtolength{\topmargin}{-1.59999pt}.

[38]

Package fancyhdr Warning: \headheight is too small (12.0pt): 
(fancyhdr)                Make it at least 13.59999pt, for example:
(fancyhdr)                \setlength{\headheight}{13.59999pt}.
(fancyhdr)                You might also make \topmargin smaller:
(fancyhdr)                \addtolength{\topmargin}{-1.59999pt}.

[39]
Underfull \hbox (badness 2111) in paragraph at lines 522--527
[]\T1/ptm/m/n/12 (+20) The \T1/pcr/m/n/12 vproc_vrf_addr_gen \T1/ptm/m/n/12 (+2
0) mod-ule main-tains two in-de-pen-dent off-set coun-ters:
 []


Package fancyhdr Warning: \headheight is too small (12.0pt): 
(fancyhdr)                Make it at least 13.59999pt, for example:
(fancyhdr)                \setlength{\headheight}{13.59999pt}.
(fancyhdr)                You might also make \topmargin smaller:
(fancyhdr)                \addtolength{\topmargin}{-1.59999pt}.

[40]
Overfull \hbox (39.91597pt too wide) in paragraph at lines 551--555
[]\T1/ptm/m/n/12 (-20) The mod-ule \T1/pcr/m/n/12 vproc_processor_lane \T1/ptm/
m/n/12 (-20) is in-stan-ti-ated four times in \T1/pcr/m/n/12 vproc_system_wrapp
er\T1/ptm/m/n/12 (-20) ,
 []

<../image/executing_lane.png, id=1448, 689.57625pt x 685.05937pt>
File: ../image/executing_lane.png Graphic file (type png)
<use ../image/executing_lane.png>
Package pdftex.def Info: ../image/executing_lane.png  used on input line 560.
(pdftex.def)             Requested size: 455.24408pt x 452.26602pt.

Package fancyhdr Warning: \headheight is too small (12.0pt): 
(fancyhdr)                Make it at least 13.59999pt, for example:
(fancyhdr)                \setlength{\headheight}{13.59999pt}.
(fancyhdr)                You might also make \topmargin smaller:
(fancyhdr)                \addtolength{\topmargin}{-1.59999pt}.

[41]

Package fancyhdr Warning: \headheight is too small (12.0pt): 
(fancyhdr)                Make it at least 13.59999pt, for example:
(fancyhdr)                \setlength{\headheight}{13.59999pt}.
(fancyhdr)                You might also make \topmargin smaller:
(fancyhdr)                \addtolength{\topmargin}{-1.59999pt}.

[42 <../image/executing_lane.png>]
LaTeX Font Info:    Font shape `T1/pcr/m/it' in size <12> not available
(Font)              Font shape `T1/pcr/m/sl' tried instead on input line 592.


Package fancyhdr Warning: \headheight is too small (12.0pt): 
(fancyhdr)                Make it at least 13.59999pt, for example:
(fancyhdr)                \setlength{\headheight}{13.59999pt}.
(fancyhdr)                You might also make \topmargin smaller:
(fancyhdr)                \addtolength{\topmargin}{-1.59999pt}.

[43]

Package fancyhdr Warning: \headheight is too small (12.0pt): 
(fancyhdr)                Make it at least 13.59999pt, for example:
(fancyhdr)                \setlength{\headheight}{13.59999pt}.
(fancyhdr)                You might also make \topmargin smaller:
(fancyhdr)                \addtolength{\topmargin}{-1.59999pt}.

[44]

Package fancyhdr Warning: \headheight is too small (12.0pt): 
(fancyhdr)                Make it at least 13.59999pt, for example:
(fancyhdr)                \setlength{\headheight}{13.59999pt}.
(fancyhdr)                You might also make \topmargin smaller:
(fancyhdr)                \addtolength{\topmargin}{-1.59999pt}.

[45]
<../image/reduction_sim.png, id=1500, 1436.36626pt x 765.6103pt>
File: ../image/reduction_sim.png Graphic file (type png)
<use ../image/reduction_sim.png>
Package pdftex.def Info: ../image/reduction_sim.png  used on input line 752.
(pdftex.def)             Requested size: 455.24408pt x 242.65216pt.


Package fancyhdr Warning: \headheight is too small (12.0pt): 
(fancyhdr)                Make it at least 13.59999pt, for example:
(fancyhdr)                \setlength{\headheight}{13.59999pt}.
(fancyhdr)                You might also make \topmargin smaller:
(fancyhdr)                \addtolength{\topmargin}{-1.59999pt}.

[46 <../image/reduction_sim.png>]

Package fancyhdr Warning: \headheight is too small (12.0pt): 
(fancyhdr)                Make it at least 13.59999pt, for example:
(fancyhdr)                \setlength{\headheight}{13.59999pt}.
(fancyhdr)                You might also make \topmargin smaller:
(fancyhdr)                \addtolength{\topmargin}{-1.59999pt}.

[47]
Underfull \hbox (badness 10000) in paragraph at lines 825--827
[]\T1/pcr/m/n/12 mask_be[j] = v0_flat[{word_ctr[4:0],
 []


Underfull \hbox (badness 10000) in paragraph at lines 827--829
[]\T1/pcr/m/n/12 mask_be[1:0] = {2{v0[2k]}}\T1/ptm/m/n/12 (+20) , \T1/pcr/m/n/1
2 mask_be[3:2] =
 []


Overfull \hbox (7.63754pt too wide) in paragraph at lines 829--830
[]\T1/pcr/m/n/12 mask_be = v0[word_ctr] ? 4'b1111 : 4'b0000\T1/ptm/m/n/12 (-20)
 . 
 []

LaTeX Font Info:    Font shape `OT1/ptm/bx/n' in size <14.4> not available
(Font)              Font shape `OT1/ptm/b/n' tried instead on input line 860.
LaTeX Font Info:    Font shape `OT1/ptm/bx/n' in size <10.95> not available
(Font)              Font shape `OT1/ptm/b/n' tried instead on input line 860.
LaTeX Font Info:    Font shape `OT1/ptm/bx/n' in size <8> not available
(Font)              Font shape `OT1/ptm/b/n' tried instead on input line 860.

Package fancyhdr Warning: \headheight is too small (12.0pt): 
(fancyhdr)                Make it at least 13.59999pt, for example:
(fancyhdr)                \setlength{\headheight}{13.59999pt}.
(fancyhdr)                You might also make \topmargin smaller:
(fancyhdr)                \addtolength{\topmargin}{-1.59999pt}.

[48]

Package fancyhdr Warning: \headheight is too small (12.0pt): 
(fancyhdr)                Make it at least 13.59999pt, for example:
(fancyhdr)                \setlength{\headheight}{13.59999pt}.
(fancyhdr)                You might also make \topmargin smaller:
(fancyhdr)                \addtolength{\topmargin}{-1.59999pt}.

[49]

Package fancyhdr Warning: \headheight is too small (12.0pt): 
(fancyhdr)                Make it at least 13.59999pt, for example:
(fancyhdr)                \setlength{\headheight}{13.59999pt}.
(fancyhdr)                You might also make \topmargin smaller:
(fancyhdr)                \addtolength{\topmargin}{-1.59999pt}.

[50]

Package fancyhdr Warning: \headheight is too small (12.0pt): 
(fancyhdr)                Make it at least 13.59999pt, for example:
(fancyhdr)                \setlength{\headheight}{13.59999pt}.
(fancyhdr)                You might also make \topmargin smaller:
(fancyhdr)                \addtolength{\topmargin}{-1.59999pt}.

[51]
Underfull \hbox (badness 6675) in paragraph at lines 1075--1076
[]|\T1/ptm/m/n/12 (+20) System in-te-gra-tion, ad-
 []


Underfull \hbox (badness 10000) in paragraph at lines 1076--1076
[]|\T1/ptm/m/n/12 (+20) CLK_FREQ,
 []


Overfull \hbox (15.96254pt too wide) in paragraph at lines 1079--1079
[]|\T1/pcr/m/n/12 vproc_system_wrapper| 
 []


Underfull \hbox (badness 10000) in paragraph at lines 1079--1080
[]|\T1/ptm/m/n/12 (+20) VPU sub-sys-tem top,
 []


Underfull \hbox (badness 10000) in paragraph at lines 1080--1080
[]|\T1/ptm/m/n/12 (+20) NUM_REGS,
 []


Underfull \hbox (badness 10000) in paragraph at lines 1084--1084
[]|\T1/ptm/m/n/12 (+20) DEPTH,
 []


Underfull \hbox (badness 10000) in paragraph at lines 1085--1086
[]|\T1/ptm/m/n/12 (+20) 9-state ex-e-cu-tion se-
 []


Overfull \hbox (1.56255pt too wide) in paragraph at lines 1089--1089
[]|\T1/pcr/m/n/12 vproc_vrf_addr_gen| 
 []


Overfull \hbox (15.96254pt too wide) in paragraph at lines 1091--1091
[]|\T1/pcr/m/n/12 vproc_processor_lane| 
 []


Underfull \hbox (badness 10000) in paragraph at lines 1093--1094
[]|\T1/ptm/m/n/12 (+20) SEW-aware
 []


Underfull \hbox (badness 10000) in paragraph at lines 1093--1094
\T1/ptm/m/n/12 (+20) add/sub/adc/sbc with
 []


Underfull \hbox (badness 10000) in paragraph at lines 1095--1096
[]|\T1/ptm/m/n/12 (+20) SEW-aware mul-ti-ply
 []


Underfull \hbox (badness 10000) in paragraph at lines 1097--1098
[]|\T1/ptm/m/n/12 (+20) Logical/arithmetic shift,
 []


Underfull \hbox (badness 10000) in paragraph at lines 1103--1104
[]|\T1/ptm/m/n/12 (+20) Signed/unsigned per-
 []


Underfull \hbox (badness 10000) in paragraph at lines 1105--1106
[]|\T1/ptm/m/n/12 (+20) Serial ac-cu-mu-la-tor for
 []


Underfull \hbox (badness 10000) in paragraph at lines 1108--1108
[]|\T1/ptm/m/n/12 (+20) VLEN,
 []


Overfull \hbox (8.76254pt too wide) in paragraph at lines 1109--1109
[]|\T1/pcr/m/n/12 vproc_cycle_counter| 
 []


Overfull \hbox (37.56253pt too wide) in paragraph at lines 1113--1113
[]|\T1/pcr/m/n/12 vproc_mask_write_buffer| 
 []


Underfull \hbox (badness 10000) in paragraph at lines 1123--1124
[]|\T1/ptm/m/n/12 (+20) 64 KB dual-port syn-
 []


Underfull \hbox (badness 10000) in paragraph at lines 1126--1126
[]|\T1/ptm/m/n/12 (+20) CLK_FREQ,
 []


Overfull \hbox (49.15451pt too wide) in paragraph at lines 1071--1131
 [][] 
 []


Package fancyhdr Warning: \headheight is too small (12.0pt): 
(fancyhdr)                Make it at least 13.59999pt, for example:
(fancyhdr)                \setlength{\headheight}{13.59999pt}.
(fancyhdr)                You might also make \topmargin smaller:
(fancyhdr)                \addtolength{\topmargin}{-1.59999pt}.

[52]
Overfull \vbox (393.51697pt too high) has occurred while \output is active []



Package fancyhdr Warning: \headheight is too small (12.0pt): 
(fancyhdr)                Make it at least 13.59999pt, for example:
(fancyhdr)                \setlength{\headheight}{13.59999pt}.
(fancyhdr)                You might also make \topmargin smaller:
(fancyhdr)                \addtolength{\topmargin}{-1.59999pt}.

[53]) (chapters/ch5_software.tex

Package fancyhdr Warning: \headheight is too small (12.0pt): 
(fancyhdr)                Make it at least 13.59999pt, for example:
(fancyhdr)                \setlength{\headheight}{13.59999pt}.
(fancyhdr)                You might also make \topmargin smaller:
(fancyhdr)                \addtolength{\topmargin}{-1.59999pt}.

[54]
Chapter 5.

Underfull \hbox (badness 6978) in paragraph at lines 31--34
[]\T1/pcr/m/n/12 -mcmodel=medlow\T1/ptm/m/n/12 (+20) : places all sym-bols in t
he low 2 GB ad-dress range
 []

[55

]
<image/build_flow.png, id=1599, 1004.1515pt x 267.399pt>
File: image/build_flow.png Graphic file (type png)
<use image/build_flow.png>
Package pdftex.def Info: image/build_flow.png  used on input line 79.
(pdftex.def)             Requested size: 386.96024pt x 103.04482pt.
LaTeX Font Info:    Font shape `OT1/ptm/bx/n' in size <6> not available
(Font)              Font shape `OT1/ptm/b/n' tried instead on input line 80.


Package fancyhdr Warning: \headheight is too small (12.0pt): 
(fancyhdr)                Make it at least 13.59999pt, for example:
(fancyhdr)                \setlength{\headheight}{13.59999pt}.
(fancyhdr)                You might also make \topmargin smaller:
(fancyhdr)                \addtolength{\topmargin}{-1.59999pt}.

[56 <./image/build_flow.png>]
(C:\Users\khoi-laptop\AppData\Local\Programs\MiKTeX\tex/latex/listings\lstlang1
.sty
File: lstlang1.sty 2025/11/14 1.11b listings language file
)
Overfull \hbox (71.95045pt too wide) in paragraph at lines 119--131
 [][] 
 []


Package fancyhdr Warning: \headheight is too small (12.0pt): 
(fancyhdr)                Make it at least 13.59999pt, for example:
(fancyhdr)                \setlength{\headheight}{13.59999pt}.
(fancyhdr)                You might also make \topmargin smaller:
(fancyhdr)                \addtolength{\topmargin}{-1.59999pt}.

[57]
(C:\Users\khoi-laptop\AppData\Local\Programs\MiKTeX\tex/latex/listings\lstlang1
.sty
File: lstlang1.sty 2025/11/14 1.11b listings language file
)
(C:\Users\khoi-laptop\AppData\Local\Programs\MiKTeX\tex/latex/listings\lstmisc.
sty
File: lstmisc.sty 2025/11/14 1.11b (Carsten Heinz)
)

Package fancyhdr Warning: \headheight is too small (12.0pt): 
(fancyhdr)                Make it at least 13.59999pt, for example:
(fancyhdr)                \setlength{\headheight}{13.59999pt}.
(fancyhdr)                You might also make \topmargin smaller:
(fancyhdr)                \addtolength{\topmargin}{-1.59999pt}.

[58]

Package fancyhdr Warning: \headheight is too small (12.0pt): 
(fancyhdr)                Make it at least 13.59999pt, for example:
(fancyhdr)                \setlength{\headheight}{13.59999pt}.
(fancyhdr)                You might also make \topmargin smaller:
(fancyhdr)                \addtolength{\topmargin}{-1.59999pt}.

[59]

Package fancyhdr Warning: \headheight is too small (12.0pt): 
(fancyhdr)                Make it at least 13.59999pt, for example:
(fancyhdr)                \setlength{\headheight}{13.59999pt}.
(fancyhdr)                You might also make \topmargin smaller:
(fancyhdr)                \addtolength{\topmargin}{-1.59999pt}.

[60]

Package fancyhdr Warning: \headheight is too small (12.0pt): 
(fancyhdr)                Make it at least 13.59999pt, for example:
(fancyhdr)                \setlength{\headheight}{13.59999pt}.
(fancyhdr)                You might also make \topmargin smaller:
(fancyhdr)                \addtolength{\topmargin}{-1.59999pt}.

[61]

Package fancyhdr Warning: \headheight is too small (12.0pt): 
(fancyhdr)                Make it at least 13.59999pt, for example:
(fancyhdr)                \setlength{\headheight}{13.59999pt}.
(fancyhdr)                You might also make \topmargin smaller:
(fancyhdr)                \addtolength{\topmargin}{-1.59999pt}.

[62]

Package fancyhdr Warning: \headheight is too small (12.0pt): 
(fancyhdr)                Make it at least 13.59999pt, for example:
(fancyhdr)                \setlength{\headheight}{13.59999pt}.
(fancyhdr)                You might also make \topmargin smaller:
(fancyhdr)                \addtolength{\topmargin}{-1.59999pt}.

[63]

Package fancyhdr Warning: \headheight is too small (12.0pt): 
(fancyhdr)                Make it at least 13.59999pt, for example:
(fancyhdr)                \setlength{\headheight}{13.59999pt}.
(fancyhdr)                You might also make \topmargin smaller:
(fancyhdr)                \addtolength{\topmargin}{-1.59999pt}.

[64]

Package fancyhdr Warning: \headheight is too small (12.0pt): 
(fancyhdr)                Make it at least 13.59999pt, for example:
(fancyhdr)                \setlength{\headheight}{13.59999pt}.
(fancyhdr)                You might also make \topmargin smaller:
(fancyhdr)                \addtolength{\topmargin}{-1.59999pt}.

[65]) (chapters/ch6_evaluation.tex

Package fancyhdr Warning: \headheight is too small (12.0pt): 
(fancyhdr)                Make it at least 13.59999pt, for example:
(fancyhdr)                \setlength{\headheight}{13.59999pt}.
(fancyhdr)                You might also make \topmargin smaller:
(fancyhdr)                \addtolength{\topmargin}{-1.59999pt}.

[66]
Chapter 6.
[67

]
Underfull \hbox (badness 1946) in paragraph at lines 53--58
[]\T1/ptm/m/n/12 (+20) A de-sign change is con-sid-ered com-plete only when the
 full 172-test re-gres-sion
 []


Package fancyhdr Warning: \headheight is too small (12.0pt): 
(fancyhdr)                Make it at least 13.59999pt, for example:
(fancyhdr)                \setlength{\headheight}{13.59999pt}.
(fancyhdr)                You might also make \topmargin smaller:
(fancyhdr)                \addtolength{\topmargin}{-1.59999pt}.

[68]

Package fancyhdr Warning: \headheight is too small (12.0pt): 
(fancyhdr)                Make it at least 13.59999pt, for example:
(fancyhdr)                \setlength{\headheight}{13.59999pt}.
(fancyhdr)                You might also make \topmargin smaller:
(fancyhdr)                \addtolength{\topmargin}{-1.59999pt}.

[69]
Overfull \hbox (67.16182pt too wide) in paragraph at lines 174--195
 [][] 
 []


Overfull \hbox (124.34235pt too wide) in paragraph at lines 206--230
 [][] 
 []


Package fancyhdr Warning: \headheight is too small (12.0pt): 
(fancyhdr)                Make it at least 13.59999pt, for example:
(fancyhdr)                \setlength{\headheight}{13.59999pt}.
(fancyhdr)                You might also make \topmargin smaller:
(fancyhdr)                \addtolength{\topmargin}{-1.59999pt}.

[70]
Overfull \hbox (18.76369pt too wide) in paragraph at lines 249--255
[]\T1/ptm/b/n/12 (-20) DMEM pre-initialisation. \T1/ptm/m/n/12 (-20) The test-b
ench calls \T1/pcr/m/n/12 $readmemh \T1/ptm/m/n/12 (-20) to load \T1/pcr/m/n/12
 lena_dmem_init.hex
 []


Package fancyhdr Warning: \headheight is too small (12.0pt): 
(fancyhdr)                Make it at least 13.59999pt, for example:
(fancyhdr)                \setlength{\headheight}{13.59999pt}.
(fancyhdr)                You might also make \topmargin smaller:
(fancyhdr)                \addtolength{\topmargin}{-1.59999pt}.

[71]

LaTeX Warning: Reference `subsec:throughput' on page 72 undefined on input line
 307.

<../image/demo_result.png, id=1791, 2055.68pt x 1541.76pt>
File: ../image/demo_result.png Graphic file (type png)
<use ../image/demo_result.png>
Package pdftex.def Info: ../image/demo_result.png  used on input line 313.
(pdftex.def)             Requested size: 455.24408pt x 341.42316pt.

Package fancyhdr Warning: \headheight is too small (12.0pt): 
(fancyhdr)                Make it at least 13.59999pt, for example:
(fancyhdr)                \setlength{\headheight}{13.59999pt}.
(fancyhdr)                You might also make \topmargin smaller:
(fancyhdr)                \addtolength{\topmargin}{-1.59999pt}.

[72]

Package fancyhdr Warning: \headheight is too small (12.0pt): 
(fancyhdr)                Make it at least 13.59999pt, for example:
(fancyhdr)                \setlength{\headheight}{13.59999pt}.
(fancyhdr)                You might also make \topmargin smaller:
(fancyhdr)                \addtolength{\topmargin}{-1.59999pt}.

[73 <../image/demo_result.png (PNG copy)>]

Package fancyhdr Warning: \headheight is too small (12.0pt): 
(fancyhdr)                Make it at least 13.59999pt, for example:
(fancyhdr)                \setlength{\headheight}{13.59999pt}.
(fancyhdr)                You might also make \topmargin smaller:
(fancyhdr)                \addtolength{\topmargin}{-1.59999pt}.

[74]
<../image/Fmax.png, id=1810, 740.0147pt x 90.3375pt>
File: ../image/Fmax.png Graphic file (type png)
<use ../image/Fmax.png>
Package pdftex.def Info: ../image/Fmax.png  used on input line 441.
(pdftex.def)             Requested size: 455.24408pt x 55.57445pt.

Overfull \hbox (46.05151pt too wide) in paragraph at lines 457--466
 [][] 
 []


Package fancyhdr Warning: \headheight is too small (12.0pt): 
(fancyhdr)                Make it at least 13.59999pt, for example:
(fancyhdr)                \setlength{\headheight}{13.59999pt}.
(fancyhdr)                You might also make \topmargin smaller:
(fancyhdr)                \addtolength{\topmargin}{-1.59999pt}.

[75 <../image/Fmax.png>]

Package fancyhdr Warning: \headheight is too small (12.0pt): 
(fancyhdr)                Make it at least 13.59999pt, for example:
(fancyhdr)                \setlength{\headheight}{13.59999pt}.
(fancyhdr)                You might also make \topmargin smaller:
(fancyhdr)                \addtolength{\topmargin}{-1.59999pt}.

[76]
Overfull \hbox (16.81606pt too wide) in paragraph at lines 551--556
[]\T1/ptm/m/n/12 (-20) The slide in-struc-tions (\T1/pcr/m/n/12 vslide1up.vx\T1
/ptm/m/n/12 (-20) ,
 []


Package fancyhdr Warning: \headheight is too small (12.0pt): 
(fancyhdr)                Make it at least 13.59999pt, for example:
(fancyhdr)                \setlength{\headheight}{13.59999pt}.
(fancyhdr)                You might also make \topmargin smaller:
(fancyhdr)                \addtolength{\topmargin}{-1.59999pt}.

[77]) (chapters/ch7_conclusion.tex

Package fancyhdr Warning: \headheight is too small (12.0pt): 
(fancyhdr)                Make it at least 13.59999pt, for example:
(fancyhdr)                \setlength{\headheight}{13.59999pt}.
(fancyhdr)                You might also make \topmargin smaller:
(fancyhdr)                \addtolength{\topmargin}{-1.59999pt}.

[78]
Chapter 7.

Underfull \hbox (badness 1845) in paragraph at lines 8--12
[]\T1/ptm/m/n/12 (+20) This the-sis pre-sented the de-sign and im-ple-men-ta-ti
on of a single-lane [][][]VPU[][] in-te-
 []


Underfull \hbox (badness 2744) in paragraph at lines 39--47
[]\T1/ptm/m/n/12 (+20) All mod-ules were ver-i-fied in Mod-el-Sim. The in-struc
-tion re-gres-sion test-bench
 []

[79

]
Underfull \hbox (badness 10000) in paragraph at lines 73--81
[]\T1/ptm/b/n/12 (+20) Per-element se-rial re-duc-tion with busy-based FSM hand
-shake. \T1/ptm/m/n/12 (+20) The
 []


Underfull \hbox (badness 3746) in paragraph at lines 92--99
[]\T1/ptm/b/n/12 (+20) End-to-end UART test-bench with pixel-accurate BT.601 ve
r-i-fi-ca-tion. \T1/ptm/m/n/12 (+20) The
 []


Underfull \hbox (badness 1681) in paragraph at lines 92--99
\T1/pcr/m/n/12 tb_uart_echo.sv \T1/ptm/m/n/12 (+20) and \T1/pcr/m/n/12 tb_uart_
lena_assert.sv \T1/ptm/m/n/12 (+20) test-benches ex-er-cise the
 []


Package fancyhdr Warning: \headheight is too small (12.0pt): 
(fancyhdr)                Make it at least 13.59999pt, for example:
(fancyhdr)                \setlength{\headheight}{13.59999pt}.
(fancyhdr)                You might also make \topmargin smaller:
(fancyhdr)                \addtolength{\topmargin}{-1.59999pt}.

[80]
Underfull \hbox (badness 3189) in paragraph at lines 127--131
[]\T1/ptm/m/n/12 (+20) The data mem-ory is mod-elled as a \T1/pcr/m/n/12 logic 
\T1/ptm/m/n/12 (+20) ar-ray in-side
 []


Package fancyhdr Warning: \headheight is too small (12.0pt): 
(fancyhdr)                Make it at least 13.59999pt, for example:
(fancyhdr)                \setlength{\headheight}{13.59999pt}.
(fancyhdr)                You might also make \topmargin smaller:
(fancyhdr)                \addtolength{\topmargin}{-1.59999pt}.

[81]

Package fancyhdr Warning: \headheight is too small (12.0pt): 
(fancyhdr)                Make it at least 13.59999pt, for example:
(fancyhdr)                \setlength{\headheight}{13.59999pt}.
(fancyhdr)                You might also make \topmargin smaller:
(fancyhdr)                \addtolength{\topmargin}{-1.59999pt}.

[82]
Underfull \hbox (badness 10000) in paragraph at lines 218--222
[]\T1/ptm/b/n/12 (+20) Slide in-struc-tions \T1/ptm/m/n/12 (+20) (\T1/pcr/m/n/1
2 vslide1up.vx\T1/ptm/m/n/12 (+20) , \T1/pcr/m/n/12 vslide1down.vx\T1/ptm/m/n/1
2 (+20) , \T1/pcr/m/n/12 vslideup.vx\T1/ptm/m/n/12 (+20) ,
 []


Package fancyhdr Warning: \headheight is too small (12.0pt): 
(fancyhdr)                Make it at least 13.59999pt, for example:
(fancyhdr)                \setlength{\headheight}{13.59999pt}.
(fancyhdr)                You might also make \topmargin smaller:
(fancyhdr)                \addtolength{\topmargin}{-1.59999pt}.

[83])

Package fancyhdr Warning: \headheight is too small (12.0pt): 
(fancyhdr)                Make it at least 13.59999pt, for example:
(fancyhdr)                \setlength{\headheight}{13.59999pt}.
(fancyhdr)                You might also make \topmargin smaller:
(fancyhdr)                \addtolength{\topmargin}{-1.59999pt}.

[84]

Package fancyhdr Warning: \headheight is too small (12.0pt): 
(fancyhdr)                Make it at least 13.59999pt, for example:
(fancyhdr)                \setlength{\headheight}{13.59999pt}.
(fancyhdr)                You might also make \topmargin smaller:
(fancyhdr)                \addtolength{\topmargin}{-1.59999pt}.

[85] (main.bbl) [86


] (main.aux)
 ***********
LaTeX2e <2025-11-01>
L3 programming layer <2025-12-24>
 ***********


LaTeX Warning: There were undefined references.

Package rerunfilecheck Info: File `main.out' has not changed.
(rerunfilecheck)             Checksum: 5A61B5004A5D12C54AC8B00560CAC012;33905.
 ) 
Here is how much of TeX's memory you used:
 45434 strings out of 467871
 887915 string characters out of 5415472
 1758444 words of memory out of 5000000
 72424 multiletter control sequences out of 15000+600000
 769344 words of font info for 506 fonts, out of 8000000 for 9000
 1141 hyphenation exceptions out of 8191
 99i,13n,118p,2489b,2127s stack positions out of 10000i,1000n,20000p,200000b,200000s
<C:/Users/khoi-laptop/AppData/Local/Programs/MiKTeX/fonts/type1/public/amsfon
ts/cm/cmex10.pfb><C:/Users/khoi-laptop/AppData/Local/Programs/MiKTeX/fonts/type
1/public/amsfonts/cm/cmmi10.pfb><C:/Users/khoi-laptop/AppData/Local/Programs/Mi
KTeX/fonts/type1/public/amsfonts/cm/cmr10.pfb><C:/Users/khoi-laptop/AppData/Loc
al/Programs/MiKTeX/fonts/type1/public/amsfonts/cm/cmsy10.pfb><C:/Users/khoi-lap
top/AppData/Local/Programs/MiKTeX/fonts/type1/public/amsfonts/symbols/msam10.pf
b><C:/Users/khoi-laptop/AppData/Local/Programs/MiKTeX/fonts/type1/urw/courier/u
crb8a.pfb><C:/Users/khoi-laptop/AppData/Local/Programs/MiKTeX/fonts/type1/urw/c
ourier/ucrr8a.pfb><C:/Users/khoi-laptop/AppData/Local/Programs/MiKTeX/fonts/typ
e1/urw/courier/ucrro8a.pfb><C:/Users/khoi-laptop/AppData/Local/Programs/MiKTeX/
fonts/type1/urw/helvetic/uhvb8a.pfb><C:/Users/khoi-laptop/AppData/Local/Program
s/MiKTeX/fonts/type1/urw/helvetic/uhvr8a.pfb><C:/Users/khoi-laptop/AppData/Loca
l/Programs/MiKTeX/fonts/type1/urw/helvetic/uhvro8a.pfb><C:/Users/khoi-laptop/Ap
pData/Local/Programs/MiKTeX/fonts/type1/urw/symbol/usyr.pfb><C:/Users/khoi-lapt
op/AppData/Local/Programs/MiKTeX/fonts/type1/urw/times/utmb8a.pfb><C:/Users/kho
i-laptop/AppData/Local/Programs/MiKTeX/fonts/type1/vntex/urwvn/utmb8v.pfb><C:/U
sers/khoi-laptop/AppData/Local/Programs/MiKTeX/fonts/type1/urw/times/utmr8a.pfb
><C:/Users/khoi-laptop/AppData/Local/Programs/MiKTeX/fonts/type1/vntex/urwvn/ut
mr8v.pfb><C:/Users/khoi-laptop/AppData/Local/Programs/MiKTeX/fonts/type1/urw/ti
mes/utmri8a.pfb>
Output written on main.pdf (98 pages, 3700578 bytes).
PDF statistics:
 2094 PDF objects out of 2487 (max. 8388607)
 622 named destinations out of 1000 (max. 500000)
 164191 words of extra memory for PDF output out of 184870 (max. 10000000)

