dfe3e2e0
dededede
eae8e4e0
c0dde9eb
b0a89fa0
b3b2afb1
bfb6b0b0
cbcac4c3
cdcccbcf
cecbcbcc
d2d3d0d0
cdcfcfd0
cdd0d2d0
cecacbcc
d0cfccca
cfd0d0d1
cccecbcf
cac8ccc9
c6c8cacb
acb3bec1
dbd5cdb8
dcdcdcde
dededddd
dddededd
dcdedcdd
fbf8f2de
ada4d0fa
bdbcbab7
c2c1babc
c1c2c2c2
c1c4c3c1
e8e6babb
e0e3e2e1
dedfdfe0
ece9e4df
bfdbeaec
b0a9a0a1
b2b1b0b1
bfb6b1b2
cbcac6c4
cdcdccce
cfcdccce
d3d3d1d0
cfcfd1d2
ced0cfd0
cecbcbcc
cecccacb
cfd0cfd0
cbcccdcf
cbc8caca
c7c9cacc
adb6bdc3
dad4cab5
dcdddddd
e0dedcdd
dddedfde
dddddcde
faf8efdc
a9a8dffc
bcbcbcb6
c2bdbbbd
c2c2c2c4
c2c5c5c1
9fc5c5bf
e2e1e2e0
e0e0e1e2
ecebe7e0
c0dae7ee
b0aba1a2
b2b1b2b4
bcb6b2b2
cccac5c3
cdcecdcc
d0cececf
d3d3d0d0
d1d0d0d3
cdd0ced1
cdcccdcf
cdcdcccb
cfcfd0cf
cccdcfcf
cacacbcb
c8caccca
b3b9bcc4
d8cfbbad
dddfe1de
e1e0e0e0
dfe0dfe1
dcdbdcdf
f9f5e1d8
a6c7f9fc
bbbdb9b2
c0bebdbe
c4c3c1c1
c8c5c8c4
5167aecd
e2e2e2e3
e1e0e2e2
ebe8e8e5
bfdbe5ea
b0aba0a0
b1b3b1b4
beb9b2b1
cdc9c4c3
cececdce
d0cfd0d1
d5d4d1cf
d4d2d0d3
d0d0d0d1
d0cfd0d0
cfcecece
cfcfd2d2
cccececd
cccccbcd
cacbccca
b4b9c1c4
d8c7adae
e0e2e0dc
e4e5e4e1
e1e0e1e1
dbdbdce0
faecd7d9
b3ebfdfb
babcb6aa
bebebfbf
c3c3c1bf
d0cac7c6
5e5665aa
e3e3e1e1
e2e0e2e3
e8e8e7e6
bfdae4e8
b3aba0a1
b1b2b3b5
bfbab3b2
ccc8c6c5
cfcfcece
d0d1d1d1
d3d2d2d1
d3d3d2d2
d1d1d1d1
ced1d1d0
d0cdcece
cfd2d3d1
cccfd0ce
cccdcdcd
cccccdcd
b8bfc1c3
d1baadb3
e3e2deda
e5e4e4e4
e1e2e2e3
dbdbdde1
f6e0d7d9
d5fcfbfb
bbb8b0a7
bec0c1bf
c8c2c2be
a1d4d0cc
5d5c565d
e4e3e1e1
e3e0e1e3
e5e5e6e6
bfdae4e6
b1ada19f
b1b1b3b4
beb8b4b1
cbcac5c2
cfd0cecd
cfcfcfce
d3d1d0d0
d2d0d2d2
d3d3d2d0
cdceced0
cecdccce
ced0d0d0
cdcecece
cbcccdce
cdcdcfcc
b8c0c0c6
ccb3adb1
e4e1ddd9
e4e3e2e4
e1e2e1e2
dbdcdcde
e8d6d9d9
f3fdfaf9
b9b6acba
bebfbebd
cac5c1be
5ca0d6d0
605b5b55
e5e5e2e1
e7e2e1e3
e2e4e5e8
c0dce5e5
b0ad9ea0
b1b1b3b4
bdb8b7b1
cac9c7c3
d0ceccce
cfcecfcf
d3d0d1d0
d1d1d2d3
d1d3d3d3
cecfcfcf
cbcccbce
d0cfcdce
cdcdcfcf
cccccccd
cdcdcecd
b9c1c2c6
cab5afb3
e2e2ddd7
e1e1e2e3
e1e0e1e2
dcdcdddf
dad5d9da
fefafaf3
b8b1abde
c0c2c0be
cdc4c0bf
565da1d5
67635b59
e5e6e3e4
e8e6e4e4
e1e3e6e7
c0dee7e6
b1aca0a1
b0b1b4b4
beb8b4b2
cac8c5c5
cdcccccd
cdcececd
d0d0d1d0
d1d0d1d4
ced0d2d1
cecccccb
cbcacccb
cdceccce
cccbcecf
cdcdcacc
cecccdca
bcc1c4c9
cbb8b3b9
e2e1dcd5
e2e0e0e1
e1e1e3e3
dedddfe1
d4d9dadb
fcf9fae6
b8acc5f9
bfc0bfbc
d1c8c2be
5a5959a0
6365635b
e5e4e3e4
e9e9e6e5
e2e3e7e8
c1dee7e7
b2aba1a0
b2b1b2b4
bfb8b5b1
c8c8c7c4
cecfcdcc
d0cecfcd
d0d1d1d2
d1d1d0cf
cfd1d1d2
cbcac8cb
cacacacb
cccdcccb
cccccdcc
cdcccccd
cbcecdcb
bbc4c8c8
cbb9b5b7
e0dfdad4
e1dfdfe1
e0e0e1e1
dfdfdfe1
d6dadbdd
f9faf1d6
afb1edfe
c1c0bebb
a1d0c8c1
605e555b
64626664
e5e4e3e4
e9e9e8e6
e3e3e6e9
c1dce6e7
b1aa9e9e
afafafb2
bdb8b3b1
c6c5c5c1
ceccccc9
d0cccccd
cdcdd2d1
d1d0d0d1
ced0d1d2
cbcacacb
c6c5c8ca
cbcbccc9
cbcccccc
cccdcecf
cdcecfcc
bdc3c9cc
cabbb6ba
dddcd7d4
e0dedfdf
dfe0e0e0
dfdfe1e2
d8dbdbdd
f9f9e1d3
a7d4fefa
bfbfbcb4
5a9ccfc6
66605a55
5f616365
e5e5e4e5
e8e8e9e9
e6e5e7e7
bfdbe5e7
b1a99f9f
b0b1b2b2
bebab3af
c5c5c4c4
cacbcac9
d1cfcecb
d1d0cfd1
d1d1d1d0
d2d1d2d1
c7cccfce
c0c3c3c6
cbcacac7
cacccccc
cecececd
cfcfcdcb
bdc1c7c8
cabdb8bb
dcdad7d3
e0dededd
e0dfdee0
dfe0e1e0
d9dadadc
faefd7d6
b8f5fcf9
bcb6b6aa
555ba1cc
63665e5b
5c5e6061
e7e4e4e5
e5e5e6ea
e4e6e7e5
bedde7e7
b0aa9e9d
b1b1b3b4
bebab5af
cac9c7c7
cccdcdca
d1d1d0ce
d1d0ced0
d2d2d1d1
cfcfd1d2
cac5c7cc
c6c9c8cb
c4c3c2c2
cccccdc8
cecdcecd
cccfcfcc
bcc1c7cb
c7b9b8ba
d9d7d6d3
dfdedddb
e1deddde
dee0e0e2
d8d8d7da
f8e0d5d6
dbfffaf9
c2b8b0a9
5a565d9c
6466645e
5e5d5e62
ebe6e5e6
e0e1e4ea
e6e5e7e2
c2dfe8e8
b1aa9e9e
b4afb2b4
c1bfb9b3
cccac8c7
cecccdcd
d3d2d1d1
d1cfd1d1
d0d4d3d3
c3c7cbcc
cfccc8c1
d5d5d2d2
c1cad1d4
c8cac1bb
cdcdcac9
cdcececd
bec2c7cc
c7b7b6bc
d6d7d7d4
dededcd9
e1dfe0dd
dcdee0e2
d7d7d7d8
ecd6d6d6
fafdfafa
9cc3afc4
5c595458
63656462
5e605b5b
ece9e7e7
dbdbe0e8
e8e6e8e3
c3dfe8ea
afa99d9c
b4afb1b3
c4c0b9b5
cfcacccb
cfcecfd1
d5d2d1d1
d1d0d1d3
c7cbcfd4
c1c0c8c2
cfcccfc8
cbcdd2d4
dbdad5d3
c4bcc2d3
cdcdc8c8
cccbccca
bcc0c6c8
c8b8b2b9
d7d8d9d6
dedcdada
dddedede
dcdddede
d6d7d7da
d9d4d8d5
fffafaf5
5ca1c1ed
615c5a53
5b616364
5c5e605d
eaede9e7
d9d0d8e5
e8e9eae4
c1e1e8ea
ada7999a
b0b1b1ae
c2bcb6b4
cccbcac7
cecccdcc
d1d2d1d0
cccfcfd1
c4bcbdc6
c8c7c6c2
cec9c7c8
d2d1d1cf
dbd7d6d3
bbcfe0e1
c8c7c5bb
cacacac8
bcc0c2c4
cab9b3b7
d8dadad6
ddd8d9da
dcdcddde
dbdcdddc
d8d8d8da
d2d7d9d8
fdfafbe7
525dceff
66635a58
5c5d6462
605b5d61
e7ecece7
dbbfc2df
e9eaebe5
c2e2e9eb
a69e9499
afaeabaa
c0bab4b2
c8c6c6c4
cecbcccb
d1cfd1d0
bfc7ced3
c1b9bdbe
c6c5bfbd
cecdc8c9
d3d3cdcd
dbd9d9d6
d9e3dddc
c4bfb3bf
c6c7c5c5
b7c0c1c1
ccb9b1b3
d9dcdcd8
dcd9dadb
dbdbdfdf
dcdbdddb
d9d8d9da
d6d9d9d9
fafdf4d7
5745acff
64655e5a
635c5c64
67615a5d
e5eaeeea
dcb9a2d0
e9eaebe6
c4e1e9ec
a59d9094
adadaaa8
bbb7b4af
c6c4c3c2
cecbc9ca
dbd0cdcf
bcbcbeb9
c0bdbabb
c4c1bcb9
c9c9c5c3
d7d4d1cf
dbdad8d8
dfdddddb
b4b1c9dd
c4c1c0bc
b7bcc0c1
cbb7b0b4
dcdfdfda
d8d8d7da
d8dcdfda
dcdddddb
d9d9dada
d8d9d9d8
fffce1d4
574f58de
6865665d
5e61585e
59675e58
dee8edee
dbb890b1
eaeaebe6
c2e1e7ea
a39e9093
abababaa
bbb5b0ad
c3c2c0c0
cdccc8c6
c5d1cfcf
bdbfc3b6
c1c0babe
c0c5c0bb
cec9c4c1
d4d4d4d3
dcdbd8d7
dcdedfdd
b4d8e3da
bdb8b2a8
b3b7bdbf
cbb5afb5
dfe2e1dc
d4d5d8db
dbdddbd6
dcdededc
dad9dbdb
dbdcdcda
ddfbdcdb
59584f67
60666361
5861645b
405a6f5e
c9e5ecef
daba9498
eaebece7
bfdfe7eb
a59f9191
adaca9a9
b7b5afac
c5c1c1be
cecac8c7
bad6d2ce
bdbbbac1
c0c2c0c0
c1c3c7c3
cac5c4c5
d7d3d1cd
dcdcdad7
dcdfe0dd
dcdfdbdc
b3a6a0b2
b5b4b8b8
c9b2aeb5
e3e5e2db
cbd2dade
deddd6ce
dedfdfdf
dbdbdbdc
dfdddddb
66d0e9de
63595951
58606665
5e586365
8445676d
addbe7eb
dbb99896
ebecece7
bedfe7eb
a6a09293
acabacaa
b7b5b0af
c3c1c3bd
cbcbc6c8
bcccdbcf
bcbfb9b7
c1c2c2c0
c5c7c6c0
cbccc4c2
d9d7d0ca
dddbdadb
d7dee0de
e8ded9d6
9face5ee
b2afb1b2
c8b2a9b0
e4e5e3dc
bdd0dce2
e0dccfbc
dfe1e0de
dddddddd
e0dedede
4f7be1e5
655f585a
65596065
6a5b5964
da754870
98c2e3e8
ddba9b99
ecebebe7
bfdfe6e9
a7a29293
acabacac
b9b4b0ad
c6c2bfbe
cac8c8c8
babcd0d2
bebebfba
bdbebfc2
c5c4c3be
cccac8c4
dbdad4ce
dcdcdadb
ddd7d5d9
e8e9e7e3
93def7eb
acaeaca0
c6ada5aa
e5e4e3dc
b0d5dfe4
ded3b59a
dfe1dfdf
dedededc
e2e1dfdd
584e98ea
6564605a
68635763
77625858
e0c27066
9aa3d4e7
dbba9ea0
ebecece7
bddde7ea
a7a29395
aeadadac
bab4afad
c5c4c2bf
cdcacac9
bbb7bdd0
c1bfbdbe
c1bbbabf
c8c9c9c3
cfc9c6c5
dadad6d2
d1d6dfdc
e7e6e0d4
e6e4e3e6
c3f3e9e6
a9a8a28f
c8afa6a6
e4e3e3da
abd7dfe2
d8c69278
dfe1dfdf
dfdddedc
eee3e1dd
595556bc
65666761
5b685d58
6e6f625b
d2d2b879
a097b5e0
dab89da2
ebebeae5
bedce6ea
a6a19396
afadacab
b8b7afac
c7c4c2be
cec9cac9
bbb9b8be
bcbdc1bb
c3c2bbb7
ccc8c9c5
cecfcecd
dcd9d5d1
e0d1cfd8
e1e4e6e8
e4e2e3e5
f1ebe5e4
a09f8eb0
c7ada1a0
e5e5e3da
b3d7dfe2
cead7070
e0e0e0dd
dedededc
daeae1df
5e5c566f
5c676668
595e6959
81716960
c6cad2b0
a39d9ec8
dab89ca0
eaebe9e4
bedbe7eb
a99f8f95
adadabaa
b9b5b0ac
c6c5c1bf
c0ccc8c7
bcbbbeb6
b4b8bfbe
c2c4c3b5
d0cbcbc9
cecaccd1
cfdbd7d2
e5e5dac9
e1e5e3e2
e4e2e1df
eee7e6e6
948598e7
c8a89f99
e4e5e4db
b7d8e0e3
bf8e5670
dfe0e1d8
dfdededd
92ede5e1
655d5a4d
565f6767
605a636c
ab806b62
d1c6cdc8
a4a299a5
d8b89da2
e9eaeae4
bddae6ea
a8a09095
adadacaa
b8b3b1af
c7c2c3c1
bbcacbc8
bcb9bbbd
b9babcbe
c4c1c3be
d2cdc9ca
d0ccc7cc
cac5d7d5
e3e2e5df
dedee1e3
e2e1e0e0
e5e3e2e1
84a8dfed
c8a79a92
e4e5e3dc
b6dae0e2
a76f5274
e1e2dccd
e0dedddd
59c0efe2
6a665853
67576367
6361586a
c9a87165
d8d0c3cd
a3a49f98
d7b69ea1
e9e8e9e4
bedae6e9
a7a09297
adacacab
bbb5b0af
c5c4c1c0
b5c3d0c5
bbb9bfbe
bebfbcbc
cbc5c5c4
cdcccccd
cbcbc6ca
e2d3c7c7
e2e1dfdf
dedee0df
e3e2e2e1
e6e4e4e2
b6f1eee6
c6a38e7f
e4e4e2da
b7d9e2e3
835a567a
e2e0d6b9
e1e1dddd
5073dfe8
696a6059
6b5e5e67
5e645f5c
c8c69a66
d6d8cdc6
a2a3a19c
d8b69ea0
e9e8e7e3
bbdce7e8
a69f9196
adafaca9
b9b5afac
bfc4c2bf
b2b4d6cc
bcbdbfb8
c1bdb8bb
cfd0c7c7
cbcccfc7
bdc4c5c5
e1e3d7c7
dbdbdede
e3e3dfdc
e2e4e4e4
e2e4e4e4
eee9e4e4
c39f7e94
e4e5e2d9
b9d9e2e3
635a5a7a
dfddca96
e2dfdddd
595199eb
6768685d
5d675c63
5c5e665d
bec8c98c
d5d5d4c8
a2a2a2a0
d8b59ca0
e9e8e7e3
bddae6e9
a59d9093
aeacaba9
b9b6b0ae
b6bfc0c1
b5b0d3dd
c0bcbab6
c2c3c1c0
c5cecec5
c8d0cdc5
d0b7b5c1
dfdfe0e2
dcd9dbdf
e2e3e0dc
e3e2e2e2
dfdfe1e1
f0e6e6e1
bf9086d4
e3e4e2d9
b9d9e0e3
5b5f5e7e
d4c19e6f
e9dbd8db
5c575bc2
67676964
5c62635d
794e6269
c5bfcfc3
d5d4d5d5
9f9ea0a0
d7b29a9d
e8e8e8e3
bddce6e9
a69e9093
acacaca8
b9b5b0ab
bcbbc0be
b3aebff2
bcbebdb9
c9c6c4c1
c9ccccca
bec5cec8
e0d9bbb3
dbdedfe0
e2dfd9d9
e3e0dee0
e0e0e0e1
e2e1dedc
e7e5e3e1
bb7dadf6
e2e3e1d8
b7d9e3e3
5d605e7c
e8cf744a
dae6dce3
5f5b516f
65676668
655c6462
b2695764
d4c3c3d2
d4d3d4d5
a09d9d9a
d6b09aa0
e8e8e8e3
bbdce7e8
a09b8e8f
a6a7aaa7
b6b3ada9
cfb2bdba
b7b0b8f5
bfc1bfb9
ccc8c1be
cac9c9cf
b3b0c4ce
e0dfddc7
d9dbd8d9
e0dedddc
dfdfdfdf
e0dcdade
e1e0e1e3
e4e2e1e0
b27fd3f0
e4e3dfd7
b5d8e2e4
45595b7b
deecd66c
e8f5ede2
63594c63
5f656666
6a605f65
d1a25959
d5d3c3c8
d3d3d3d4
a5a29e9c
d5b39da5
e9ebe9e2
bcdbe6e8
a2968b8e
adadada9
b8b3afae
e5b0bcbe
b7adbaf1
c2c2bfb8
c8cdc4bd
cdcabbc1
d2b7b9c6
d8d9dfdf
dcd8d7d8
dedddbdd
d9dbdfde
e2e2e0dc
dededfe1
e1dedfe0
a4a5ece5
e5e4ddd8
b2d7e1e4
8b444b75
e9d6dfe6
fff0eeee
615b4394
625f6767
65665a60
cecb8859
d6d6cfc3
d3d3d3d4
a9a6a2a0
d6b3a3a9
eaeae9e4
badae6eb
a4988b90
b2afadac
bab5b2b1
f5b7bac0
b3abb1e9
bfb7bbbd
bcc4cbc5
c6cac9c0
dfd8b8b6
d6d7d7da
d9dcddd9
dcdbdcde
e0dbd9dd
e2dee0e2
e0dddfdf
dfdfdee1
a6d9e9e0
e7e4dfd0
abd3dfe5
ecaa4856
ebedd5d2
fde5e6e6
605c46b2
60616165
5c686258
c7d4bd6e
d5d6d6cb
d4d3d3d5
aca9a7a6
d7b6a8ac
eaeae9e3
badee8ea
a59e9194
b4b1afad
babab6b2
fbc1b7c1
b5afb2e2
c7c2b0af
c1bcc2cb
b7cacacf
d8dedcbd
dcd8d5d6
dedbd9df
d8dcd9db
e2e0dbd7
dededfe0
dbdedfe1
dfdedddc
cee6dfdf
e6e5e0cb
8dcadfe4
d0e9c97b
e2e8eddc
fce7e3df
645e45b4
5c605d63
53596760
caccd5a0
d3d6d7d6
d4d2d2d2
afafacaa
d8b8abae
eaeae8e3
beddeaec
a89f9599
b5b4b2ae
bcbbb5b3
fecdb7c2
b0a9b2d6
bebfc2b8
ccc8c1c1
bbb6c4c6
d2d5d9db
dedbd7d3
dbd9dbdc
d5d5dada
dfdbdddd
dedfdee0
dacfdae1
dededfde
e6dedcdc
e4e5dfdd
bdbcd8e2
e3d2e1e6
dfe2e4ea
fceae6e2
635e47a7
5f5f6363
76476568
d3c8d1cc
d3d5d5d7
d0d2d3d3
adafadaa
dcbfacae
ebeae8e3
c0deebec
a89f9699
b1b2b0ae
bbb7b4b1
f8d5adbe
b5abb8d1
bfbab3b9
c2ccccbd
dcc0b5bf
cacfd4d8
dbddded2
dbdad8d7
ddd6d5da
dddbdbdb
e1e0dedd
dbd9d2d9
dededddd
dad9d9dc
e2e6e1e1
e6dfd9db
e5e5d8d8
e1e0e0e1
f9eae8e4
5d60488d
605a6261
b2635b67
d8cfccd6
d3d5d5d6
d3d2d2d2
adadb0ac
dcc4aeae
edece9e3
bfe0ebee
a8a09498
b2b1afac
bab5b0b1
f3e4a8b8
b4b3bfd6
b8b8b0b3
c4c0c2c3
d7d9c9bc
d2c8cfd4
d8d9d8db
d9dcd7d7
d9dbdad3
d9dadadd
d9d9ddda
d7d7d9d6
dbdbdad9
d3d5d8da
dee1ddd7
d8e1e3de
dee1e6e0
e2e2e1de
f3ede9e4
61614d75
625b5b61
cf986c65
d7d4ced0
d5d4d5d5
d1d1d1d2
adaeb0ad
dac3b2b0
eeedeae5
c2e2ecef
a9a19297
b0b0adad
b7b4aeaf
f4f1acb4
b4b3c4db
c2beb9b5
becbc2c3
d3d6d8c6
dad3c6ce
d9d3d5d8
d5d4d9da
dbd9dadb
dbd9dada
dbd6d7dd
d9d9d5da
d7d8dcd9
d1d2d5d7
e4dfd8d1
e6e2dbde
dfdee0e5
dfe3e3e1
e7f1e7e2
6160545d
64615960
d6bf826a
d7d7d0cc
d3d2d3d5
d1d0d2d2
aaacabac
d5bdb1ae
efeeebe5
c2e2edef
aaa29398
afaeaeaf
bab5b0ad
f2f9b4b0
bcc6d0df
c0bebbb3
c1bdcbc6
cdd2d1d7
d0d5d3c5
d9dad5d0
ddd8d5d8
dbdbdcdc
dadad7da
d8dbdbda
d9d7dad8
d6d4d7d8
c8cdd3d5
dddcded6
dfe6e6df
e0dfdfdf
d9e0e4e1
c9f6e8e2
625e5a4c
62675b5b
d0d5a566
d5d7d5ce
d4d4d5d6
d3d2d2d3
abacaaaa
d6baaaad
eeedece5
c1e2ecee
a8a29699
b0afb2b0
b6b4b2af
f1fbb7ae
c4d3d8df
bcb6b6b8
d7c4b4c2
c0c6d3d3
ced3d7d6
d7d7d4d1
d9dedbd1
dbddddda
dad8d7d8
dad8d8da
d8d8dad8
d6d6d6d8
dccdc9d4
e3ddd8dd
dddee4e5
e1e0dfdf
d5d3e3e3
9af6e2e0
615f5d49
5b645f5a
cdd4c977
d7d7d6d2
d4d4d6d6
d5d3d4d4
a9a8a8aa
d7bbacac
ececece6
bee4ebec
aaa29496
b0b0adad
b5b2b0af
f1fab3ae
cfdbdfe7
c5b7a9bc
d1d8c0b8
d5bcc4d2
d4d1ced8
d2d3cfd0
dad9dede
d9dad8d9
d3d6d7d9
d9d9d7d3
d6d7d5da
ccd4d9d5
dce0d7cf
e2e5e2da
e0dddbdd
e2e2dfdf
d5cfd7e4
65e3ddcb
5d626053
765d605c
cecfd6ad
d7d6d7d4
d2d2d3d5
d3d3d3d3
a7a6a6ab
d9baaba8
ebebebe7
c0e4ebec
a8a39596
adadafab
b2b3afae
effcb6a4
d4d9e1e6
b5b9adb9
d0ced6c5
d5d1bac2
cccccfd3
d9d2d3d4
dcdcd9d6
dcd8d8db
d4d1d2d7
d7dbdad7
d5d4d7d9
d3cbd0d2
e0dbdcde
dbdde2e5
e0dfdcdb
e6e1e0e0
c6d6cddf
4abce8c9
585f6059
96666063
d3ccd4cf
d3d4d4d5
d2d3d3d3
d1d1d3d2
a8a8a8a8
dcbfada8
ecebeae7
c2e4ecee
aaa39597
afafadad
b0b0b0ae
f0fdc0a1
d6dbe1e7
c5b2b9c9
becdcfd6
d2d6d1bc
d2cbc6ce
dbdad2d0
cad5d9d9
cfdddacb
d8dbd5cd
d8d8d8d7
d1d4d4d4
dfdecec9
e2e4e0dc
dedbdadc
e1e1dfde
e6e4e1e0
cfd1d1cf
498bedcd
5c5b5f5d
b9725c64
d4d0ccd6
d3d3d3d5
d1d2d2d3
d3d1d2d1
a8abaaa9
ddc7b4ac
ececebe6
c2e5eced
a69f9297
adabacab
b1b0adae
f2ffc49e
e1dfe6ed
d4c0b3d3
bcbfccc8
cdd4d2d1
cbd6c5c2
c4d7dcd0
b7c6bebd
ddb3a6b5
d6d1dade
d3d7d9dc
c9cad1d8
dddbdfd9
d8dae2e5
dfddddd8
e2e2e1e0
dae8e2e0
acb8ccce
5059e3d1
665b615f
d4915f65
d6d3cdd2
d2d3d4d5
d1d2d3d3
d1d1d1d1
aaa9abab
dcc7b9af
ededebe7
c3e4eeee
a79e9095
adacacac
b0b1b0b0
f5ffc19b
e6e3e6ec
c8c8bfdb
d0b7bdcc
c0cbd3d5
cec9cfc8
b5a8ccd9
a8a4a1b2
b2a3cdcd
c6cbccc0
94b8ccc3
ddcbcaaa
e6e3dadd
dadadbe2
e0dfdddb
e1e2e2e1
d3e9e9e2
b6989bb9
5844b1f3
695d5b5f
d8b76c5e
d5d4d0ce
d1d2d4d5
d1d1d1d1
cecfcfd0
aaa7abab
e0cdb9af
ededece8
c5e7eeee
a79e9193
b0b1adaa
b2b5b1b2
f6fec09d
e2dde9f2
c5c0c0de
d4ccb1bc
c9bdc5d0
d4cbc7cb
b9c4b4ce
787f96a7
97acd5c7
8f947f87
60677283
d4dcce55
dee4e3da
dadaddde
e1e0dfdd
e7e3e2e2
a5c4e0ea
e6b49892
604f5fe5
64625a5d
ced08d57
d5d4d4ce
d1d3d5d4
d0d0d0d1
d0cfcfce
a9abadac
dfd0c0b1
eeeeece9
c6e6edef
a59e9093
b0b0aea9
b3b5b1b1
f8fcb4a4
d4d3edf7
bcc1b4c9
d0d2c8ac
cac9c1c5
cdd6c6c7
a7b5c5ad
8091a8a7
6d889f95
666a7c6d
54475159
e1d1cfa5
dedee2e6
dbd9dddf
dfe0dfde
d0e6e9e3
95979eb5
f2e0b6a0
625f4b8d
57695c5c
c9d2b45a
d5d3d5d2
d0d2d3d4
cfcfced0
d1cfcfce
abafafae
ded0c0b2
eeecece7
c4e8edef
a8a19095
b1aeaeac
afb2b3b0
fbf3a5a6
ccceeef9
aeb8c7d0
c2d0d3c5
c4cbcabe
b1ced3c6
aca5c5be
6d6e8295
83858c7b
7065758a
be574157
e2e2ced0
dcdddddf
dad9dddd
e6dfdcdc
97a8d6ec
afa39691
77e1ebc8
61635d51
5068625b
cbcdcd7b
d3d5d7d5
d1d1d2d4
cfcfd0cf
cececdcf
aeafb2b2
dfccbcb2
ecebeae6
c6e7eced
a99f8f95
b1aeadaa
b0b2afae
fde19aab
d4d6edf8
bdacc8d9
bcc4d0d0
c9c4ccc8
b6b3d2d2
7e7da0ce
75606476
7e668595
6b5c7c86
c3cc6939
d7dbe6cb
d9dcdcdb
d9d9dbda
d1e7e1d9
a09fa9af
dfd0b8a4
4e79e7eb
5c656461
5a64695a
d2c9d4a8
d4d5d5d7
d0d1d2d3
d0d0cfd0
cccecfce
b1b0b1b4
dccbbab0
ebeaebe6
c6e7eded
a79d8f93
afafaea9
b3b1adae
ffc59ab0
d0dbf4f5
d0b9b8da
c7b6c2d2
c3bbc5ca
b9b9d9cd
6b7a6b88
945f6061
806a5f94
664e6077
d6c5cd7e
d9d5d9e5
d9dad8d8
dbdadcdb
88a5d6e7
d3c9ae8f
ebe4e8df
634d79ec
5c646565
75586a5f
d7cccec8
d5d5d6d6
d0d0d2d4
cecdcfd0
cccdcece
afb1b1b3
dec9b8b2
ecebebe7
c8e7edee
a5a08f95
aeaeaca9
b4adadac
f8aea3b4
e2e7f5f9
d3cab3cc
c5c6b0c8
c1c8bec1
75b2b9a7
5e677b6a
85775466
8a8d6a65
a0515b63
e6d9c4cc
d7d6d4d7
d7d4d3d4
e0dcdddc
9e787caf
eadaa798
f0f0e5e9
625f4c84
5c626465
9a586164
d8d2cad2
d5d6d5d6
d2d0d2d4
cecfced0
cccdcbcd
afb2b2b5
dcc5b1b0
edebebe8
cce7edee
a39e8c94
aeaeada8
b7afaeaf
d79fb1b9
eae4eeff
c6cdc3b9
bfc7c5b5
c7cfccc0
70767c93
815e677c
61825c56
6f757561
c277656a
dce6debd
d4d5d4d5
d7d2d2d1
c6e0dbd9
99917f77
e3c39ea3
76daf8e9
66635d4d
5d5f6567
b36d5d66
d8d8c8c6
d4d5d6d6
d1d3d3d4
cfcfcfd0
ccccccce
afb2b3b4
dac0afaf
eeecebe7
cbe7eeed
a39c8d93
afaeaba8
b7b2afb1
a9aab8b8
e4edf7f2
bacaccc5
b9c1cbbd
aebfc2b7
82768699
84724d5f
62776a4d
676c626e
a9989776
d8dce4e1
d2d5d2d4
d3d3d5ce
e1e8dfd8
8f9389ab
e7baa0a7
5062c6f5
6567645e
605b6269
bb8b6165
d7d9c9b3
d6d4d4d5
d0d2d5d5
d0d0d0d1
cbcccccc
b1b1b3b5
d7baabae
edecebe6
cbe7efef
a19a8c94
afaba9a8
b9b1afae
a0b6bcbd
e1f6fbcd
b7b8c5ce
beb3bdcb
80a8b5be
7a8c8379
7677545e
665f6b62
71726e72
cba39c7d
d3d7d9de
d3d3d1d2
dfd4d0d3
eaecece8
8e8797d5
e0b7ac8b
5d5658b2
67686962
665e5d69
b7a46a60
d5d7d0b1
d6d4d4d5
d1d2d4d4
d0cfd1d1
cbcccdcc
b1b2b3b5
d5b1a7af
ececeae3
cde7efee
a1998b94
adacaeaa
b7b3aead
a7bcbdbe
eef8fec0
bdb4c3c8
d4c9bbbd
74a5b9b8
767b6367
8369606a
5d5d5579
915f505d
d3b88a78
ced2d5d7
d1d3d1d0
ede9d6cc
f0edeceb
7472b9e6
cbba9c83
5d595695
6b6b6968
665d5b64
b1b8815d
d5d5d3bb
d4d3d3d5
d2d2d3d4
d1d0d1d3
cbcccfd0
afb1b1b1
d4aea5ae
edebe9e4
cde8eeef
a49b8d97
adaeaeaa
b8b3b0b1
acbdbfc1
d4fdffc5
bac2bfba
cbd5d2b6
777377a3
776c5358
7063637b
595e6492
a0945150
dadbb5a4
ccced8d9
d1cbd3cf
ededece0
efefedec
5982c6ea
cdb98f7c
625c5784
6c6c6a6a
60615c62
b1bf9e5d
d7d4d0c5
d3d2d5d5
d2d4d5d3
d1d1d2d1
cccfd0d1
aeaeb0af
d3b0a6ad
edeceae3
cce8edee
a49b8f96
b1b2afac
b7b5b1ae
b6c2c3bd
bcf6febc
bcb8bbb6
bbbac1ce
61775694
745d5d59
556a6975
4b657f8a
bfbca544
dad4a8d1
cbcbd4dc
e8dcd3d1
eeecebeb
f1f2f1ee
5492d1ef
c7c1866b
64615a6c
6b6e6969
5a655d5d
bcbcb874
d0ccc9cc
d4d3d3d3
d3d5d4d3
d0d0d1d2
ced0cfd0
afb0b0b0
d3aca7ab
edece9e3
cde7eeed
a39d8d98
b3b1afaa
beb2b0b0
bfc4c1ca
bbedf0b2
ceb9b5c2
80899fc7
547d6a78
635b6665
677c6769
414a6975
e1c9cb96
d6c2add4
cecfd1d7
e8e7e0d5
eeededeb
f5f3f2ef
5eabe0f3
ceb1745a
68665e6f
666f6b68
5466635b
cab9c68d
c8c9cad0
d1cecccb
d1d2d3d3
d1d0d1d1
cdd0d1d1
aeafb1b4
d3afa5a9
edece9e3
c8e6edec
a79e8f96
b2b2b0af
c8b4b0b1
c4c5c2c4
c3efd2b8
ccc8c1bf
6684b3cd
5b745e59
60616167
81856161
88377f79
dbe1c8ce
dbd1b7d3
d7cecfd7
eae6e6e2
efeeeded
f5f4f2f0
6eb7e9f5
d1a1664c
68645a7e
63706e6a
5e5f655c
d3c0c5aa
c8cbced2
c7c7c5c6
d0cfccc7
cecfd0d0
d0cfcecf
afadb0b2
d0ada5a8
ebebe9e3
cae5eded
a69e9096
b3b2afac
c1b6b3b1
c8cac6c0
cbecc7c5
c9cdd4c1
76617bb0
66765457
63606564
6b705d6a
cc787a5d
dddfddc3
ddceadd3
e3dbcfce
eae8e7e5
efeeeeed
f5f3f2f1
82c6ecf6
d3935a4f
68675a88
606c6c68
7b566760
d5c5bfc5
caced2d2
c5c9c9ca
c4c1bfc0
ccceccc7
d1d0cdcc
adacb0b1
d2ada5ab
ecebe9e3
cae7edee
a59e9097
b5b1b1ab
bfb8b5b3
bec3c5c5
c3bbc7c1
afb4ccd4
71586379
735c5b62
665c5d77
7360646a
c0bf6b3d
dad7dbd9
d5d1bcd7
e2e2ded1
ebe9e8e7
eeeeeeec
f5f3f0ef
98d1f0f5
d2875457
6a655e8e
5f646d6b
9c5a6264
d5cec0c4
d2cfd0d1
cdced1d2
bfc0bec4
c6c4c1bd
cfcfcdc9
adadafb0
d1aaa5ac
ecebe7e1
cde6eded
a59d9099
b3b0aead
c0b7b4b2
c5cacac6
d6c3c3d5
a7c4b4b7
7d4c7067
80755a5b
665e5764
6367715f
d5ada44f
d9d4d6dd
c9c9d6d6
e6e6e7de
ebeaeae7
eeedeeed
f4f2f0ef
96d9f4f5
cb755459
686c66a0
60606e6d
b56c5967
d4d4bfbf
d1cfd0d2
ced1d3d3
bfc1c4ca
bebfbebd
cdcbc4bf
b0acaeaf
d0aaa7ae
edece8e2
cde6ecee
a39d8e98
b1aeb0ac
c1b8b3b0
dbc7c9c7
a46480d5
74b2c3cb
825f5d77
62696252
6a625b58
4b687163
e2cfbc92
dbd3d2dd
aca4c5dd
dfc6b2b2
ebeaeded
ececeeec
f8f2f0ed
70b8e8f5
be6c555a
676d68b1
615f6b70
c2865665
d2d5c8b9
cfcfd1d1
ced1d0d0
c3c7cbcb
bbc0c2c1
bdbbbcbb
afafafb1
d0a9a6b0
edeeeae2
cde7eeee
a79c8f96
b0b0b1ac
beb7b4b2
e4c9c8c5
aa4859bb
6d7ea2d6
80795378
6665614e
71535a66
6e506c76
dee0c2c4
dbd7ccdb
dadcd0ce
938ca8cc
e8e9e1b7
ecededea
d6ecefec
90a4a6b8
b2605666
716d64c3
635d626f
c29e5d66
d3d8d1b8
ced0d0d1
cdcfcdcd
c9c9cacb
bec3c6c9
b2b6babc
aeafafae
d0a8a4af
eeeeeae2
cee6eeef
a69e9199
b1b2b1af
bbb6b2b0
dfdeccb8
b087a2d0
816974b3
7267746c
635a665e
595a507e
b34f616d
e1dddecb
c0dad6d3
b7c4cdc5
aabcc0da
e6e3c5a1
edefedea
a9c8e9ed
a2b9a9a1
ad5e5878
706570c7
6560606f
bbb26e61
d4d5d6c1
cfd0d2d3
ced0cfce
c8cacacd
c4c7cbca
b1b6bbc1
aeaeaeae
d2a7a0ab
efeeeae3
d0e6edee
a59e8f9b
b3b3b3af
b5afb2b2
e1dfd8c6
71c2d5e5
867f6561
64578770
505a6968
5f556b7d
c78e4655
dee2dfd6
96a3d8db
6c747d8c
cb8f6372
e3dbd1d6
f0f0efe9
8195c7f1
81767370
aa605574
72667dc8
65616068
b9c17d54
d2d3d5c9
d1d1d2d1
cecfcfd0
c7cacbcc
c1c5caca
b4b9bdc0
a8a7a7a9
cc9d99a4
eeeeeae3
d0e7edef
a49e8e99
afb2b3ab
e6b4a6ad
dae3d8e8
466b82c1
71797b72
5f578a7d
50617561
626d865a
cfbd5e4b
e0e0dde2
6a7e9fd9
775e6666
8d4f75a3
e1ddd7d5
f4f4efe8
835e65ad
7269648b
a55f5a68
716e7fca
62635e64
c0c89755
d2d1d3d2
d1d0d0d0
cecfd0d0
c7cacdcc
bec0c5c6
b3b6b9b9
a5a6a7aa
cb9994a0
eeeeebe2
d1e5ecef
aaa5949a
aeafb0af
eab5a4af
cde5d5d5
74516cb7
61586b6c
5756828d
57746a53
60615c59
ddc69e52
dee1dbdb
6f6b92ac
826c758a
9a91d7dc
e0dacfc2
cdfcf1e8
9f70606c
6a6180cc
9d645c64
707688cc
59626062
c6c7b566
cfd3d3d4
d0d0d1d0
cecfced0
c3c9cccd
b9bcbfc5
acabb1b4
a5aaa9ad
c996929e
eeeeebe2
d1e6edf0
b0a796a0
bdb2b4b7
ac757eaf
7fd6fdcc
75764b62
77676e60
5b55848d
5b795d59
48555e5a
d3c3a56e
badee0d6
7c94bebd
9e7b8cb1
c1d0f2e6
ddd4c9c5
b8f2f5e8
a48089a0
666498de
966a5b5f
6a8085ce
56666260
cac1c279
cdd0d1d2
d0cdcdce
cfceced0
c2c5c7cd
b3b9bdc0
c9b9aead
a6aaabad
c994919f
efeeeae3
d2e7eef0
b5ac9ba5
86b8bebb
dab38c70
5a76ccef
58847c52
82797663
5d688e85
64605a59
534e5f5d
dadac0a8
c4bcdae1
a9d2dad1
dcbbc2b5
d3dbe6ea
dbd4cfd3
b8ebf6e7
d6b4b4bd
727286ce
8c6c6160
668188d2
5967605c
cec0c391
cccdd0d0
cdcdcecc
cdcccdcf
bec5c6cb
b2b2baba
e3dcd0c0
a6acaeb1
ca9594a0
efeee9e3
d4e9f1f2
b7ae9da4
63b8c4bd
c5c5d3a4
804f5ca7
4a6d7b86
7a6b7468
5c809295
5f5e5855
87425a60
dfdcd3c0
d5c2b4dd
d8dcdad6
cac6c5cd
d7dcd0bf
dad6d2cf
d9eef4e6
b1c5cfd2
7792898e
836d6761
647e95d9
6e63635b
d2c4bfb0
cbcecfcf
cccccec8
c9cccccc
bbbdc2c5
d3c0b5b5
e7e6e6e0
9fa5aaaf
c78e8d9a
f0eeeae1
d7e9f2f2
b7aa9ba8
c8c4bfbf
757fbfd6
5b575676
5d84938b
757c705f
5f7d9687
5f5e5c5b
be594c5d
e2dadbc6
d8d3b2af
dededdde
d5d5d8dd
d7dddcd5
d9d7d8d1
deeff2e5
c2ced3dc
7ba3afab
7f6c6960
64749ddc
785b685b
d2cbbbbf
cbcdcecd
c9cacccb
c7c8c9c9
b4bbbdc2
e7e0ceb8
e7e7e7e9
989ea5aa
c2858796
f1ede8e2
d7e9f1f1
b7ab9ca6
c7c0bfbe
817698bd
7c705662
4e787581
8e6a745e
597b7e7d
5e5a5b5b
c19b4759
afe8ded4
d9d3cba2
e5e5e2e0
e3e1e1e2
dae2e3e4
d9d8dbd9
e2f0eee2
d4dadddf
7fadc0cd
776c6f64
636fa2dc
8e56645c
d0cdbcc1
c9cccdcf
cacacbcb
c4c5c4c9
b8b2bbc0
ebece9d6
e8e7e8ea
959aa0a5
c0838391
f0ede8e1
d5eaf1f2
b4aa9ba6
b2bdbeba
6f9295ba
8a806f60
4b5d8686
817b7d5b
7c808d8b
59595a65
c1bf684d
7eb8e7de
dad4ceba
e7e7e4e1
e6e7e7e8
dde1e5e5
d9d9dadc
e4f2ece1
d8dbdddf
7db4ccd3
706e7464
6266acdf
a95f615f
cfd1c3c0
c9cccdce
c6c8cbc9
c0c1c4c5
d6b6b5bd
ebeeeeeb
e8e9e8ea
9495989b
bf7f7e8e
f0ede8df
d4e9f0f0
b4a89aa4
b8b8c6bf
616b6b8a
8a7e7869
57576d92
84755754
b39d4c76
5659556a
d1be9e49
8c63d0e6
dbd5d0c3
e8e7e4e1
e7e8e9e9
dfe4e7e8
d9dbddde
e6f3ecdf
dadde0de
78b8d2d7
696f7666
5d65bad6
bb6d5c64
ced2cac1
c9cacccc
c4c7cac9
bbc0c2c2
e8d4b4b5
ecedeeec
eaebe8e9
8e8f9194
bf7d7b89
eeede8e0
d5e9efef
b1a797a4
80b3c4ba
697c8380
90866780
5c59626e
685f595b
baa54b6c
49564c75
e2c4c068
9b5877e4
dbd6d2c6
e9e5e2e0
e8eaebeb
dfe3e7e8
d8d9dddf
e6f3eade
dcdde0dd
71b2d5d8
65737764
5a68c6cc
c683596b
cdd0d0c4
c9cbcccc
c6c5c7c9
b9bcc1c4
eee7c8b0
ececeded
eaecebea
8789898d
bf7c7782
ebebe7df
d8eaeeee
aea495a2
95a7c5b7
858a8986
8b725a6d
615e606c
605a595a
b2995e66
4b4b55b8
efd2c09f
986c48a5
dcd9d2c6
e6e5e3e1
e9eaeaea
dee3e6e8
d7d6dbdc
e8f3e8dd
dadcdddd
66a5d1d7
5d727661
5478d1c8
c7a15d6b
ced1d5c6
c8cbcbcd
c2c3c5c6
b3bbbfc2
efeee1bb
ececedee
eaededec
8387878a
be77707d
e9ebe7de
d8e9efec
aaae91a0
68a5c2bb
627ea385
96766f68
6068617d
81645051
a6b4736e
633da1b3
d8eabfbb
96795755
dcd8d0c0
e5e5e3e0
e9eaeae8
dce2e6e9
d6d5d9d8
ebf3e5db
d9dddfdd
5894cfd6
55737d66
5389cfbe
c6b66363
cfd2d5ca
c8c9cccd
c1c3c4c4
b3b8bdc1
efefebd1
edecedee
eaecedee
8184888d
bc716e7b
ebebe7de
d6e9eeed
baae8fa0
7097b5b6
617384a1
90837a7d
5e5f6487
a67c534e
c6d09377
90368073
76e9d2c0
95826143
dbd7d0bf
e6e4e2df
e8e7e7e6
dae1e6e8
d2d3d6d7
f0f1e4d8
d9dddddd
537dc7d7
5274826a
508ed3b6
c7c4775a
cfd1d3d0
c7cacccf
c2c2c3c5
c1b3bcbd
edefefe5
eeeeeced
ececedee
83868b90
ba6e6979
edebe7df
d9eaf0ef
b59d8da1
7896b5a9
74748184
9576757e
60505d7e
8273585a
8b90b6b0
b35f4d59
45a2e4bf
978d6652
dbd6cdbc
e4e3e1de
e6e6e5e4
d3dee3e6
d2d5d8d2
f4f0e2d8
d6dddcdd
5661b2d3
5273836c
55a4d4a8
c9cb9452
cdced0d3
c9c9cbcc
c1c4c4c5
d3b5babf
eeeff1ee
eef0efee
ededeced
868b8f92
b96a6a7f
ecece8df
d9ebf2ef
b6b696a1
7882bab0
6a728686
8e7d607b
635b6c7e
9679545e
537aaa8d
bdc15a4e
4c81d5b6
93966956
dad5cfbb
e3e2e2df
e6e5e4e3
ccdbe1e5
dce5e3d5
f5f2e3d7
d4dbdcdb
5b5090d0
5272836c
5db7d692
cbd1ad4d
cbceced1
c7c9cac9
c1c3c7c5
e4bfb6bf
eeeff0f2
edeeeff0
ebebebec
898d9094
bf767283
ebebe7df
d7eaf1ef
ada79da9
787eaeb7
79578d97
907c5b7f
6262788a
645d4b71
50578f69
dce3853f
54549cdd
9f98695b
dad7cfbf
e4e2e1df
e5e4e3e4
cfdde1e4
cba9c0df
ebeeded1
d5dadcd9
5d5165be
57728071
62b9d580
ced0c05d
c9ccccd0
c5c7c9ca
c0c3c6c4
edcdb4bd
eff0f0f1
ecedeef0
ebebecec
8e929192
c88e7d84
eceae7e0
d9eaf1ef
b09f8ea6
7f8ca2ba
8c587a8f
8c796a74
595b8298
53447283
60587498
e3d8b05b
5e564caa
a8a06c5d
dad7d1c4
e3e2e1de
e5e4e3e3
d7e0e2e5
c3b6c3d9
e3e4d3bf
d6d6dadc
5f575498
5e73817a
69bfcf6f
cfcfd180
cacaccd0
c5c7c8c8
c1c3c2c3
f0dbb8bb
f1f1f0f1
eeededf0
ebededed
8e919090
cd9e8785
ebe9e7e0
dbeaf1ef
aea192a7
7668b3bb
72845873
81807273
466b9c92
5448cc93
ab8b627b
c6c0a9b9
65675654
a7a56e5a
d9d7d2c9
e1e2dfdd
e4e4e3e1
dee2e4e5
dee5dfda
e3e6e1d8
c5d4d8dc
62565769
6376857f
77c1c764
d0ced895
cacccecf
c6c6c5c9
bfc0c1c4
f2e4bdb7
f1f1f1f0
efeeeeef
ececeded
8f918b8e
cfa48383
edeae6e0
dbebf1f0
aaa08ea6
6c67c6be
536f8976
8682716f
638d9980
5469a782
d1b8ae64
79d4a4aa
6b656152
aaa36b5e
d9d6d2c5
e0e2e0dd
e3e4e4e0
dfe1e3e5
e6e1dcdf
e2e7ebe5
9bd6d7db
69575953
6b798284
89bfb95a
d1ced5b3
cbcacbcd
c4c4c7c7
bebfc2c6
f2eac5b4
f0f1f0f1
efefeeef
edeceded
8c8b8b89
cfa48280
eceae8df
daeaf1f0
b09f8da6
786facc6
5d5d6e93
81726d6b
7d9a9075
655c7495
c3d7c99e
4d8ebb93
73696263
ab9e6760
dad8d2c4
e0e2e0dd
e2e3e2e0
dddee3e3
ece7dfdc
e0e9ebe6
6bccd8d8
705b5955
6b7d8288
97bfac54
d0cfd5c7
c8c9cacb
c2c2c5c6
bebfc2c2
f2edcbb6
f1f2f1f1
edefeff0
edededed
85878686
c99e857f
eceae7dd
dcebf1ee
b89f8da7
8c73a9b9
6a6b5680
79677368
a299826a
a0874d8c
9dd1cba9
6e4ba2ab
7c6a6468
a39b6465
dad9d3bd
e2e2e0dd
e0e1e0e0
dcdedfe0
ede9e0db
e0ebeee7
52a4d9d4
725e595c
6c788089
a3c1a252
cfcdd1d0
c7cacccc
c4c5c5c6
bac2c3c1
f3efcfb2
f1f2f2f2
ecedeff0
edeeeeed
83817b7d
c99b857f
eceae7de
ddebf0ef
afaf88a7
7862a7b5
61665e7a
6d76816f
a27d6777
cbbc6b64
a1aadcd2
8b5158ba
816d6263
9b96656a
dbdad0b4
e1e0e0dd
dadce0df
dddcddde
e6e3e2e0
cde4e6ea
5273d3cd
76625b5e
707f8585
b0c3974e
cfcdd0d5
c5c7cacc
c2c4c5c6
bbc1c3c2
f3f0d3b2
f1f1f2f2
edeeeff0
eeeeeeed
817a7472
ca9d877f
edebe8de
dceaf0f0
a1b59b9f
6b5fa2c8
596a6668
7c8a906b
777e806c
dab6b07d
c19ab6ed
735b4e80
7e6d6166
91906272
dad7cba8
e2e1ddda
b0c5e3e2
cdccc6bb
d8c5bec5
bec2b8d4
5d52adda
766c5b5e
76758881
c2c28954
cdced1d8
c5c8c9cb
c0c4c2c3
b7c1c3c0
f3f2d8b2
f1f1f2f2
edeff0f0
eeeeeeee
7f79706b
cca2887d
eeece8df
d5eaf0f0
af9bb7b1
656a94cb
66696158
877b9a6d
69867e83
e9d9d281
a9c199d2
69576650
746e636a
8a866275
d5d1c39e
dfded9d7
d3dae1e1
d9d8d0cd
e3d9d4d8
dad1dbe3
625170d6
75715e5a
7d738885
cec87c5a
ccced0d8
c7cacaca
c0c2c1c2
b5bfc3c2
f3f4dfb4
f0f1f1f2
eeeeefef
f0efeeef
7d776f69
caa28a79
ecebe7df
cfe6efef
be9492ba
7e728eb5
69745754
7564a175
84667d88
d1d5dca2
5ecdc8a9
615a6458
746e616b
86806477
cecab68c
dbd9d4d1
dee4e3df
e9e3dfdc
f0f0f0ed
e0d6dfef
645a509d
75686558
81778b8d
d2ca7860
ccccced8
c8cacaca
c1c3c4c4
b3bec2c2
f4f6e3b5
f0f1f1f2
eff0f0ef
f0f0efef
75746b67
c9a08e74
edebe6e0
d5e6eeef
baac839d
7e7d74b0
70736550
777e968c
8a8c896e
c7d0cab1
5371eaca
605f665f
726a6563
847e6577
c6bea67f
d8d5cfcb
dfe2dedc
dbd7d7da
e5e6e6e1
c7dbd6de
625b526b
7b686a61
827d8a8a
d6cc7266
cbcbccd7
c7cacac9
c0c2c3c4
afbcbfbd
f5f7e6b3
f2f2f2f3
f0f1f1f1
efeeeeee
6b6c6763
c89f9672
eeece5dc
d8e8eff0
abb5849e
748a5c9b
5c636c4c
96808ca1
93977373
dbc3ac91
5d4f8af1
635e6b61
6e6e6660
81736874
bcb19577
d8d3cac2
dcdedbd9
d4d8dadb
d5d2d0d1
8fd3dcda
635c525d
8067676a
847b8c8e
d8cb706e
cacacad4
cbcacaca
bec1c1c8
acb9bbbc
f5f8e5ad
f3f2f2f3
eeeff1f2
f0efeeee
62676562
c9aaa67a
edece6d9
dbe8f0f0
a8ae85a2
637e6b82
58656b4d
9784959a
9c817d8b
f8c5957e
5b5c4bad
615e6c62
6c665f65
79686b73
b09e8270
d7d3c7bc
dbdbdad7
dfdbdbdb
e3e3e1e1
6bacdedc
665b535e
8162656a
87808c91
dbca6e73
cacbcace
c8c8c7c6
bdc0c1c5
a7b5b8ba
f5f8e5a8
f3f3f3f4
f1eff0f1
f2f2f1f1
5d63615f
ccadad85
ebebe6da
dae8efee
a59e85a6
5a7d7f7e
655a714f
94878089
ad6d8091
c3be77b8
5c5d5859
625e6e64
6a5d6465
73676e71
9781796f
d6cdbcb1
dbdad8d7
e3e1e2dd
e1e6e9e7
677adadc
6c5e5559
8a626c6b
89838d92
dac86f77
c8cacac9
c4c5c5c7
b9bfc2c5
a4b3b5b7
f5f7e8a8
f3f2f3f4
f1f3f2f2
f1f1f1f1
5c5e605e
cdaca584
ebeae6db
daeaeeed
969d87a2
5b7d6b6b
65586e56
835f7392
9d809296
7f908bc5
5a615a63
675d7268
625f6560
6f6a6e6c
6b79766f
d2bfa88a
dcdcd8d6
e6e5e3dd
e1e7e6e7
6a64c5dc
6e605858
8e636965
85868c94
d9c96e7d
c6cacac8
c0c0c5c3
b8bdc1c2
a2afb4b5
f6f6efae
f3f2f2f4
f0f1f3f3
f5f7f2f0
5a5b5e5e
d0b29a73
ebeae7dd
dbecefee
7c9d769e
5f836c55
52566966
755f8792
92978f88
6a839eb2
585f5955
6a5c7969
5f616561
6c696c64
6a846c70
b49d7d64
d7cfc9bd
e5e2dfdb
dee4e5e7
6361b4d9
705f5a5a
91686566
8c8a8a94
d9ca6f82
c4c5c0c3
c0c1c1c2
b5babfc1
9eacb4b3
f6f6f4b9
f4f3f3f4
f4f2f2f3
a0cbebf4
565b5c5a
caa89467
eae9e6dd
d7e9f0ed
94b48d8b
66727456
4c566269
6c789e81
89818985
99aba3a9
5a5b5349
6d577f77
60646161
6f6e6760
8a7f6a72
8f867975
c6b4aca0
e1ded7d3
d1dfe0e4
5950a3cf
6c615d5b
90686166
8f898a96
d3cf7882
bab8aeb1
c2c0babc
b6babdc0
9ca9aeb1
f6f6f7c9
f5f5f4f4
e4eff2f5
51577db9
52596360
c1958c64
eae9e5dd
c7e9edea
9687c7b5
69736753
51576069
68909e81
85867e66
a37a9d95
5a4f4f9e
70537f7c
5f635e60
6c686161
8e6e676f
cdc2b499
cecfd2d3
dddcdbd6
dbdfdddd
6999cddf
6a5f5450
8c695e5f
90888b94
c9d48181
afaba9a9
b3b1aeaf
b5b9bbbb
9ea2acb1
f6f6f9dc
f5f4f3f3
8dd2e8f2
7a634b52
57636b70
b985805f
e9e9e5db
d9e4eeea
80747dc6
657f6343
586d7064
7b949577
759a8d5f
7b7c987f
5b4e91bc
73557c7e
62605e61
6d656260
8d69656d
ced1c8ac
d3d0d1cc
d8dadcd8
e2dcd8d7
dff2eee6
5c536faa
906a585d
9186878f
c0d78682
adadb6b1
a2a4a8ab
adabaca6
a3a0a9ad
f5f5f9e5
f0f5f4f4
5997deeb
8c8d715b
67788b9a
a2727a6d
eae9e5d6
dde8ebea
6da67a90
6b755544
6c856f57
7c957757
747e9c85
9f808980
557d8da4
7852757d
675d5e62
6c62605f
86676a6e
cdcbc6b2
d5d2d0cb
d6d8d9d9
e2e0dad6
eee9e7e5
6cb4e9f5
8d694c49
8d85848c
bfd98c7a
b6bec0ba
a1a5abb2
999d9d9d
9b949f9b
f4f5f8e4
eef4f3f4
695e8dd8
92948a77
8498a6a9
93667880
ebe9e5d2
d3ecebea
479cb799
85675052
808e603f
8a8d4b62
866b8880
a0908a86
72936ca8
7a527075
665a5f62
68635c64
7b637376
cbc8c1ab
d9d1cdd0
d7d7d9da
e3e0ddd9
eae9e7e6
e7fbf1eb
87614590
88817f89
c0d89277
b9c1bfc0
aab0b7b8
8d969ea5
8897af98
f5f4f9df
dff0f3f4
857f5b8c
95949386
a0aaa9a6
90628293
eae9e5d3
d2eaedeb
4a6db2c2
95764a51
7385866f
7475715f
78696b8f
979d978f
956c7c85
7e54646c
615a6266
69606068
7b627f79
d0c7c2a5
dad9cacb
d8d8d9da
e3e0dfdb
e9e8e6e5
f5efefec
6b59b0f9
897e7583
c2d7996e
bdc1c2c7
b2b7baba
95a0a7ad
96a3c7aa
f6f5f8e8
7ed8f4f6
8a908b5d
94959e95
abafaaa2
8c618ba2
eaebe5d2
e2e5eeeb
586993dc
60675459
67637e82
88577e77
7b696263
a69a987f
90888965
7853557b
605b6267
7260616c
73679c7e
c5cfc7a8
dad9d8c9
dbd9d9da
e2e1e0df
e8e7e6e4
f1f1eeeb
62bbfdf3
877b6b78
c0d4a265
bfc0c2c6
b7b8babd
a0a8acb1
bdacc8b0
f6f6f6f3
56a8eef4
95939d89
9995a4a7
afada595
8b6799b0
ebece5d0
e7e6edec
56529bc5
5f736160
656e5e60
7a555b54
766a606b
97a38980
7caf898f
78574f8b
605a626a
76616270
657ab582
c5c0cca9
dad9dbd8
dedbdadb
e3e1e1e0
e8e6e4e3
f2f1edea
b2fdf2f2
81796563
c1d1af62
bfbebfc7
b8babdbf
a7a9b0b3
d6bdc7b3
f7f7f6f6
798bddf0
a89a9ba0
a197a2b4
b9aa966d
8868a4ba
edeee7d4
e4e8eeed
534e72b7
61656154
6b865b55
526a6254
6c6d6481
95978c78
93799ba7
765151a2
6159666d
715d616f
6491c98f
d8ccc2a1
dadadad8
dedcdbdb
e3e1e2e0
e7e5e3e3
f1efece9
f9f4f3f3
71735694
c2cdbd62
c1c1c3c5
b9bcbebf
adacb1b5
e5c5cdbf
f6f6f6f8
9782bded
b4a59e9e
a4a19daa
bca87a52
7b6babbc
edece8d3
e0eaeeec
554c7ec2
565a6d57
61886758
64754e64
7f79766a
938c7d6e
844c9fa8
754a58bc
5f5a6573
6d606272
5e9ace9f
d6daca9a
dbdcdbd8
dfdcdcdd
e2e0e0e0
e6e5e2e3
f1edebe7
faf3f2f2
686464e3
c5c7c465
bfc1c4c5
bababdbd
aeaeb1b7
ecd7d2bc
f7f7f7f7
9c929be3
aeb4a89c
a1a9a099
bea4664a
7261b1c0
ecece6d2
d8eeefec
544d7ab6
5757625e
5b896c51
79584c6d
88776573
a3836f82
8e567fa9
774a56cf
615a647c
72615d6e
659ec1ac
d7d8d0a2
dbdddbda
dfdedcdd
e0e0e0df
e4e4e3e2
f0ece8e5
f4f3f2f1
5b55a2fe
c8c6cf69
c0c2c5c7
b8b9bcbd
b2acb0b5
f4efe7ca
f4f7f8f7
9fa298cb
9cb3b2a9
9ba3a798
be9d604a
745babc1
ecede7d3
e0edefed
595172bf
5c575b60
4e8e7b4e
5a5f5c6b
8371635a
a17c6f7f
844e95a2
7f5646b0
635d677d
83645a6b
6aadc0b2
d9d9d1a1
dcdcdddc
dddddbdc
e1e0e0de
e4e2e2e2
efeae6e5
f1f0f1f1
4d61e0fa
c6c4d572
c1c5c5c5
b6b6babd
c2acaeb1
f8f6f5ea
e9f8f8f8
a7a19eb2
97a8bab1
9b9da8a1
ba975647
7060aec2
ecece9d0
e7edf0ec
625c54b7
5159575a
4b859951
57626659
77685c56
a1755e8c
907d94a0
805476ad
63666973
996b5f64
6fb1d2c5
dad9d3a9
dcdddddc
dddcdcdb
e1dfdfdd
e3e3e0e2
eee9e6e5
f1f0f1f0
3b88fcf3
c6c5d683
bfc4c2c3
b3b7babc
d5adacae
f7f6f8f7
d5f6f9f8
afa1a1a7
9a9db7ba
969aa3a6
bc905347
6c68b2c4
ededead0
e4ecf0ee
56665ca5
54565a56
4c74847b
515a6e58
64625960
a481768c
afa7999e
6d666072
6766696c
b97f6663
74a9d1d2
dad9d5ae
dbdddfdc
dddddddc
e0e0dedd
e4e3e1e0
ece7e5e4
f0f0efef
36b7fff1
c5c6d48f
bcc0c1c1
b2b5babc
e1b3acae
f7f7f8f9
c4edf9f8
b3a5a6af
a19caaba
8b969ca6
ba8d5047
6b72b2c1
e9ecebcc
dbe5e7e5
545769ab
705f5a59
547f7057
53576a5b
606f5962
9f9b895c
ab997e8c
727e8288
6967736e
c5957161
789dd4d0
dadad7b6
dcdee0dd
dcdddcdb
dfdfdedc
e2e2e1e0
eae7e5e3
f0f0eeec
48e1f9f1
c2c3d397
bbbdbebf
b1b5b9bc
e8bcaeab
f8f6f6f9
c1dcf6f9
b4a9acb7
a39ba5b8
869098a3
b9854b46
6b74b8c4
eaeeebcb
dfe8e9e7
5a5663b0
5d5b5c59
5b776d57
565e5d5e
5779615b
90987b4e
67566f98
8f877677
65688494
cca67e62
8494d6cf
dad9d9c0
dddedfdc
dcdcdcda
dfdedfdd
e1e2e0df
e8e6e4e2
f1f0eeea
6ef8f3f0
c4c0cf9f
b9bbbebf
b3b6babb
edc4afab
f8f6f6f9
c1cdeefa
b6aca9b7
a69e9bad
8d8e969c
b47c4b4b
6d77b6c2
ecece9ca
deebeeed
595e60ac
685c5556
60676257
4e635e54
5c755e5a
89867b73
666e9f88
64685652
5c6d806f
cfb59169
9285cecf
dcdbdbca
dcdfdfdd
dbdcdcdb
dfdddddd
e1e1dedf
e7e6e5e1
efeeedea
9bfef0f0
c0c1cfa5
bbbdc0bf
b1b5babb
e6c6b5ad
faf7f6f8
bec7e4f7
aca8a5b6
a2a79b98
92919597
af734b4f
7382b8bf
ecece9c7
e1eaedea
4d5d72bf
5e746b57
5c646351
5961555f
7269685c
8f8d845b
7f99826b
69666262
5b625f68
cbc09f79
a176bed1
dddddad0
dddfe0dd
dedddadb
dededede
e1e0dfdf
e6e5e2e1
efeeebe8
cff7eff0
beb8c7ba
bcc0bfbe
b1b4babc
d1c9bfb3
f9f7eae1
bac0dff6
9baaa2ae
98a7a78b
8e949590
a9674950
788cb6ba
ebede8c5
e0e9edea
4f617dc2
52576b64
5e636a57
5a635f68
7a4f6f5f
8b6c5c66
ac925f70
685d6068
645b6060
ccc8b086
b878a1d2
dedddad9
e0dfe1e0
dddddbdc
dddddddd
e0dededf
e6e4e1e0
f0eee9e7
ecf2f0f1
a89db5d3
bfbdb8ae
b5b6babc
cdd1cabc
fbf9e1c7
b1bed5f4
8da2a6a1
909ea998
82919491
a86a494e
798dbabc
ebeae6c4
e1ecedec
51637eb7
5855575d
6c596662
4e5f5660
815d6261
674c5e8b
888a696c
6359665b
7360585d
cbc8bd95
cf897ccc
dedddadb
e0e0e0e0
dcdcdce0
dfdddedc
e0dfdedf
e4e3e1e0
efece8e6
f5f1f1f0
8d8992d2
aea6a094
bab4b4b2
c8cfd2c6
fbfbeacc
99b3cbeb
908ca79c
91969fa4
7287959b
a75e484b
7598c1c6
eae8e4c0
e5eeeeeb
536487b1
63525662
6b566160
5a535867
846b5c59
65617c96
717a7c6b
5a5c5c5f
876b5859
cfc6c8ad
d8aa66a4
dfddd9da
e0e0dfe1
dbdcdedf
dfdedddc
e0dedede
e4e3e1e0
eeece7e5
fbf1f1ef
868d85ce
8d8b8786
ae9d9692
c6cad4c7
f6fef3d3
8c95b7de
a18998a1
9693969f
6b7a9199
a559484f
78a3c4c6
ebe7e3ba
daefeeea
57608d9f
66605057
6b556258
5c576368
6d4d565e
85839d8e
5f50708f
575b5864
9b765c57
c1c9c7bf
dcc98065
dfdddbdb
dfdfe0e1
dbdcdfe0
dddedcdc
dedfdfde
e3e2e1e0
eceae7e4
f9f0efee
99998fe3
78858d94
7f6c6d72
dce1c6a3
effcf9de
927a8fc5
a39c8d95
9b939393
68728a96
a472726b
7aaacbc7
e9e7e2b9
ccf2ede8
5759819f
5d5f5f56
695e5d58
535f6263
535a6056
879b996f
62538584
55575a59
af896856
7ccec8c6
dad8b660
dedddcdb
e0e1e0de
dcdddfe1
dddcdcdb
dee0dfdc
e3e3e0df
ebe8e6e3
f3efeeed
a393a4f5
87929aa1
4e556174
def4d975
ddfcfce7
91847596
98a59684
9d938b8f
686d7e94
a38a8f90
83b0cec6
e9e8e2b8
c8efeee9
5b5383aa
5c545f64
63645b59
53546469
5f6d5956
97977550
5a5d8f86
54535556
be9c805f
578ad0c9
dad8d59f
dfdddcdc
e0e0e0df
dddedfe0
dbdcdddc
dedededc
e3e2e0df
e9e7e6e4
f1efedec
a28cbefa
8f99a1a6
465f7384
def5ef78
9eedfeee
838b7a6d
879aa48c
a0998a86
6c73818f
a998928d
8bb8cbc1
ebe8e1b7
bef0efeb
59567ba6
5f595858
6456575c
51646360
6264645f
85756965
565b6890
5a505557
ceb28e71
99557ec6
d9d8d5ce
ddddddde
dfe0dfdf
dee0e0df
dbdbdcdc
dedddddd
e3e0dfdf
e8e6e4e2
f0efeceb
9a8edaf8
969ba4a6
6673828e
eff5df84
67a5e8f3
897f826d
82889fa0
98a19385
7170808a
a79d9a7e
8eb5c6c0
e9e6dfb3
bdf2edec
5a516fa2
605b5f5c
765c515e
4e746b5d
6b61795d
86836d61
57547269
67514f59
91ada98d
c6a96b63
dad9d5d0
dededddc
e0e1e0de
dfe1e0e0
dcdcdcdc
dedddddc
e1e1dfdf
e6e3e3e1
eeeeece9
9198eff3
979da19f
8a868b95
f6fadd9b
70759cd1
9c868180
817e8ea0
92a09f8c
72747488
998f8c6a
93b7c8ba
ece6deb3
c4f1eded
5b4f648f
5c5e635d
79615266
64886b62
72517057
a27d5f70
55545e71
6c5c5856
6e626d77
cdc9be99
d9d7d4d1
dedfdbda
dfdfdfdd
dfe0e0e0
dddddcdd
dddddddc
e2e1dfde
e5e3e2e2
ededeae8
88adf6ef
9a9d9b97
9e979197
cbeed8a3
877f8090
a49c8685
81768192
919ca29a
6c786f7b
9484745d
9ab8c4b4
ede8deb2
d4f1efee
5a545877
62636558
745f546a
7b93695b
56617b4b
91806482
5551668c
635d5857
bba18770
d1cfcdc8
d7d6d4d2
dddddcd9
dfe0dfde
dedfe0e0
dedddddf
dedcdcdd
e1e0dfde
e4e4e2e1
edede9e6
82c7f7ed
a09d958f
aea79a9a
96b9bbaf
9097928a
939e9484
93757883
8a9aa2a2
636f6f77
88746961
a0c2ceb6
ede9ddb1
baeff1ee
5a565d6d
61626558
795a576e
88826450
458c734d
8c667873
574f677b
95736056
c7c4bcab
d4d1d0cb
d9d6d4d5
dddddddb
dee0e1df
dfe0e0df
dededfdf
ddddddde
e1dedede
e2e2e1e2
edeae6e4
84def3eb
9f9c9487
b7b0a59e
9da6b1b9
8c9daba4
818d9a91
a0837983
7f92a0a6
62676c6f
80646460
b4dee3c9
eeeadeb2
a0ebf2ef
565d5e67
6361645b
85596064
8e7d6b50
5c865475
75608859
54516181
b2947561
c9c9c8bd
d4d3d1cf
d9d8d8d5
dddddcdb
dfe0e0de
e0e1e0e0
dee0dfdf
dfdfddde
e1e0dede
e1e1e1e1
eae9e6e2
91ededea
9b999281
bab6aea3
b0b0b6b9
969eb5bd
7c7f8e99
a99b817e
708798a5
75646966
815f615c
c7e1e0d6
ece9dcb2
b7e9f0ed
5a5c586e
766b655e
83696563
7b7b7757
717a5090
656d7a5d
506b897f
b9ab9273
cdccc8c2
d3d1d2d1
dad9d8d6
dcdedddb
e0e0dedf
e0e1e1e0
e0e1e1e0
e1dedfdf
e0e2e1e0
e2e1e1e0
eae8e5e2
acf5eceb
9693907a
c2bcb0a5
cbc2bdbe
9a9db0c9
8387838a
adac9885
62748a9e
9a7c6962
755b6059
c3ddded2
ece9deb2
96e6f1ed
5e595668
776f6b5e
7589676c
68747a5d
747e7586
576e6f4f
768a746d
bdada28e
cfcdcbc6
d4d1d1d1
dad8d8d6
dedededc
dfdfdfde
e0dee1e1
e0e1e0e0
dfdee0df
e0e1e1e0
e1e1e0df
e9e6e5e3
cef4eceb
968f8c8a
cbcab29f
d7d2c7c7
8696a4c3
868e897b
a9b1a88f
5e627492
b1997363
85888789
80828486
97918a83
55778b95
4a48433d
4d4c4d4c
54514a4e
615e5d58
63686264
67636462
66656764
66686567
68686968
64656669
64636766
66656867
6464626c
63636562
62606162
4b575a5c
81766650
7f7c878b
80838280
817f7f80
82878484
d4d0c28d
504689d3
5b5d5d59
5b5b5d5f
5b605f5d
5e5f605f
8f8d5655
82868587
80808183
96928882
53728995
4a443d3c
4a494948
554f4a4a
5e5c5d59
63646263
65636462
66656865
64646466
65666667
62636668
64616766
65636566
63616368
62606261
5f606162
4b545a5c
7f73624d
7e7e8688
8082807f
81807f7f
81858382
d3d0b784
4d4ca2d5
5c5c5a58
5d5c5d5e
5c5e5e5f
5e605f5e
4a676058
81848184
807f8182
95938c82
526c8694
45403939
46494745
534f4a46
5d5c5c59
6361615f
62626264
64656663
65646364
62636263
60626563
63606464
61626364
61616363
5f5f6060
605f6060
4e53585c
786b5549
7f828883
83838482
80828083
82818081
d0c6927c
4679cdd5
5c5a5752
5c5a5c5c
5d5d5d5e
635e5e5e
0e194b67
82838284
817f8182
92939189
506b838f
45413a3b
46494c49
534f4745
5e5d5b56
6460605e
62616263
66646463
62656363
63626462
61626364
63616362
63646766
62636362
615f6061
61616060
53545a5d
74614b4d
8588877e
86898985
80828283
817f7e81
ceac7c80
57b3d8d3
5957534c
5b595c5b
5e5e5c5b
69635e5f
19161c45
83828283
867f8183
8d90918e
546c7f8b
4443383c
48474a48
534e4645
5d5c5a56
6361615f
62636462
65636364
64636366
64636661
61656564
63606563
64666967
5f646464
5f5e6261
605f6262
54555b60
6f56474e
8a8b847b
898b8b87
80838685
7f7e8081
c1887980
8dd3d5d2
57555047
5e5e5d5b
61605f5f
3f686662
15181514
84838181
88808185
8a8e8e90
596f8088
47403c3d
4648464a
514f4747
5c5b5857
6162615e
62616262
64626362
62616262
61606262
63616161
615f6263
63676864
60636363
5e5e5f61
605d5f5f
515a5d5d
68514a4f
8b8a827a
898a8889
81838388
7f7e7e81
a1757e7d
c2d8d3cd
57544a63
5c5d5b58
6364635c
17406c68
19161c18
84858181
8d858384
878a9091
4f6e8288
463f3737
47494747
504d4945
5e5a5858
61605e60
61606060
625f6062
64615f61
5b5c6267
5f5d5b5b
5e5f5e5e
6264615f
5e606463
5e5d5e5f
605e5c60
505b5b5c
63544b4d
8a898275
8787878a
82828488
7e7f7f81
81777d7d
d9d7d2bd
585049a1
5a5d5c5c
66605f5b
181b3b6a
1c171313
86848484
928c8686
84868d92
516e858a
45413738
46494a49
514b4946
5d5b5a56
5e605e5f
6061605e
60616261
635e5f60
5a5d6366
5f5b5957
5d5c5c5c
62606260
5e5e6464
5d5e615f
605e5c5d
5457595f
64534b4e
88848072
87868688
82828586
81848182
727a7d7f
dad4cb98
554776d0
5c5c5c59
6a645e5d
14130e3b
1e161715
88868484
92928c88
85858c92
506e8489
43413b3a
44484a48
504c4745
5b5a5954
605e5f5d
615e5d5e
60615f60
605f6160
5a5d6062
5c595959
5b5a5c5e
6161615e
5f5f6265
5d5d5e60
5f5e5c5e
5155595e
61534a4f
85817a6d
87858587
83848485
82828283
757c7e80
d8d3b476
4b57b9dd
5d5c5754
3d68635f
191b1110
1c191819
898a8687
8e90918c
8884888e
4f6c8188
45403634
46464546
524d4646
5b575755
605d5e5b
5f5c5a5c
605d5e5f
5e5f6260
5b5b5c5f
5b5b595b
5a58585b
63605f5d
5e5e6264
5c5d5e60
5d5c5c5c
5655575c
5f504a51
817d776c
85848584
80838283
81818384
787a7c7f
d7cb8d6f
428dd8da
5d595250
103b6763
201d1511
1617181b
8b878889
87888f93
86868787
4c6c8188
47403533
46464545
514a4545
5c595757
5c5d5a5b
5e5d5b5b
5f5e5d5d
5f5f5f5e
5d5c5c5f
54565858
51515455
63605c53
5d5e5d61
5f5c615d
5d5c5d5e
5353585a
5d504c52
7e79746a
81838480
7e808181
7e818280
7477787b
d5b07170
5fc4ddd9
5c525046
12113e67
1d211a15
1313171b
8f878889
7e7e8492
8688897f
506e8189
433f3635
47474847
504d4845
5b595755
5b5d5c5b
5e5e5f5b
60615a5d
5b5d5e61
60595b60
876e6567
7f878a8c
54515a6b
5d5d5d5a
5d60625f
5d5d5d5d
5154595b
5a4e4a51
79757269
8182817c
81807f7e
797e7e7f
72747578
c7886e74
99dbdad7
60555048
1414133d
1e231e18
1513151a
94898689
72747c8d
87898b7c
516e828b
413d3637
46464846
4e4e4745
5b585854
5c5d5c5c
5e5e5f5d
615e5d5e
585b5d61
7f787467
9f98907f
afaea9aa
6d8ca6ad
5c595155
5d616261
5c5c5c5d
50565659
5a4d4a4e
75737369
80807d79
7f7f7f7d
787a7c7f
71727374
a5717172
cfddd8d1
3b604d71
1413110e
1f211d1c
14141113
92908786
68657285
898b8c7c
4e6e838c
403a3532
46474446
534d4747
5a585755
5e5a5c5d
5e5e5d60
5b5a595d
72605d5d
7b79847b
9a959583
9da1a9a6
b8b8afa8
534e77a6
5e5c5e5c
5a5a5b5c
51525556
5d4d4a50
7374736b
7f7e7976
797d7b7d
7374787a
6f6e6f73
7a6d7071
e1ddd7be
124160b5
19171610
16171a1d
13131619
8b958c86
6954627a
8b8d8d82
4d6f838c
3f3c312e
42434241
514c4846
59585553
5c5b5959
5a5e5b5c
736a6058
766a5e6d
807a7577
958d857f
a4a2a199
b5b0ada6
5b9dc0bf
5c5e5c4d
58595b59
4f4f5155
5a4e494c
7375746b
7d7a7874
7677787d
72747575
6d6e6f70
67716f6f
ded9d193
110c7fe2
1b1c1514
19161b1c
1514161b
8191958a
6c484a6c
8c8e8f84
4e70848b
3d393131
42414043
4e4b4745
56585353
5b595957
5e595b5b
6c757564
6e635b60
76746a69
928f8383
a8a39996
b4b1afad
b6c4b8b6
584e4d7b
57565856
4c4f5155
584a454a
7376746a
7a757773
71747c7b
71747470
6f6e7171
6e72716f
ddd7b170
140260ec
1b1b1714
1d15131b
1b161515
78889893
6d44325a
8c8f8f85
4d6d828b
3c352d2e
44423f3d
4b474545
54535251
5a59595a
7e58585a
595b5a4f
6c655b5d
716f6a66
89887f79
aea49f9a
b1b1adaf
bebab9b1
455698c1
53535456
4d4d5154
5a484549
7479766b
72737473
6d767c76
7173706e
6f6f7171
7373746f
eacd836f
12101098
1e1c1c16
17191214
121c1513
6a809196
6a482840
8c8e9182
4c697f8b
3d382c2c
43444544
4c494544
54524f50
5a585656
5b60565a
5c57584b
6a665b5e
696d6b67
8e817572
a7a3a19d
b5b2acaa
bcbdb8b4
65b9c7ba
504d443c
4b4d4f51
5848454b
787a786d
6d6d7076
7179756b
7274716f
71707070
75737272
93b07678
14151019
171d1917
141a1b17
03172816
54768a94
694b2d2f
8b8f9183
4b6b7f8a
3e382d2a
42444543
4d494443
5451514f
59565556
4b706055
58514e53
6463605f
6d6b6f6c
867d7471
a9a09691
b6b7b0ab
bcbdbab7
c0bfbabc
4a3c5077
49494d4e
5746434a
7d7e7b70
60657279
75786a5f
7176726f
73706f6f
78757573
16678478
1b121410
1115181b
19181c1e
3c062227
3b65808c
6a4b3032
8d918f83
4b6c8189
41362e2b
43434143
4e494544
55505251
57585656
4b5f6b55
54574d49
675e615b
6e6f6964
807d746e
aca6998b
b5b1aeae
b3b7bbb8
d2c6bdb6
3361d9df
45454a4b
59474347
7f807b71
4e60767c
77715e4e
71757272
7271706f
77757371
11267580
1a151214
1c12141b
2717181c
842f092d
314d7284
6c4b3333
90908e81
4869808a
3e382d2d
43434341
4e4a4644
56525250
56575957
4b4b5c5c
5756564f
605c5c5b
6b696961
7f72746a
adaa998b
b5b2afae
c2b5aaad
cdd1cecb
36c2e7d1
4444473b
59464144
7c7e7a6d
4363787c
75654734
72736f75
72717070
79757472
130e387f
191b1611
1d181218
351d1516
8c732823
32355e79
6b4b3437
8f908f82
4b677d8b
3d392f31
48444240
4e484443
55525150
5b595656
4e484b5c
5b5a5653
6259585a
6b6d6d66
7e71726d
a8a59589
9fa4b7af
caccc4b0
cbc9c9cb
99e5d1ca
42413b2a
56433e43
7b7e7c6b
4467767d
6c572d1b
73717376
71707070
83747170
0d0e0c53
1b1b1c16
141b1711
2d2f2418
7d816b31
39304468
6b4b3537
8d8f8d80
4a677e8c
3e392e2e
4647433d
4b4a4543
57525350
5c585657
504c494e
58575853
615e5753
6d6c6f68
7b797472
a7a19083
bea194a4
c4c6cace
c8c4c8c8
e5d7ceca
3f3c2476
55433f41
7d7f7c6b
4c6a787b
5d411518
72707772
71716f70
697d7271
15141e1c
171c1c1d
14182016
38312c1e
747a8365
3d39344f
69473437
8e908b7f
4968818a
423e322e
43424041
4c474643
55535450
555b5857
51514f49
50515657
64646053
75736f6d
76727279
8da19681
c3c9b58e
c2c9c9c2
cdc5c3be
ded2cece
35244ed4
5842393a
7c7f7b6d
4c6c797d
53341018
6f747569
71706f6f
317e7672
1914190b
11151a1a
1a181a1f
623c2c1e
88767c7d
3b393439
67473439
8d8e8a7e
4c687f8a
413b2f2f
42414244
4c484745
54525550
4f5c5c56
534e4f52
56565356
6764625a
75716a6d
76706e74
937a9387
c6c2c5ba
bdbcc1c1
c4c2c1c3
cecccac5
287acfd9
563e3530
7d7e7b6c
4a6c7b7c
3f201319
71766d5c
71706d6e
0e527f74
1f1b100c
190f171c
1e1c141b
7c602b23
92887680
3c3a3a37
6747363a
8e8e8a7d
4c677f8b
3e382b30
43444241
4b484545
5655544f
46536254
514f514e
5a575453
6f666564
6e706e71
7271686b
c1a47c74
bfbbbab8
bebcbdbc
c7c6c4c1
ccccc9c9
87e6d6cf
553b2e1d
7c7e7c6c
4a697e7b
220c101d
7573634a
72706d6f
0b196c7b
1b1d1511
1e16141d
1c1d1a15
7a785323
90958578
3d3c3b36
684c393b
8b8c897c
4c6a7f89
3e392c32
4146423f
4c464442
4d56534f
473e7065
4f50524a
5c585150
72736764
6e71726a
65686869
beb9a387
b2b5b6b6
c3c3bbb3
c7c7c5c4
c8cbc7ca
e0d4cecd
5239194f
7c7d796a
4e6a7a7c
0e101020
7069572e
766e6769
130b367c
1c1c1814
151e141a
191a1c16
707a7d45
9293927e
3c3c3c3b
6848363a
8a8c897e
4c6b838a
3c372f30
45454141
4d494543
45535150
4c3b6a8c
514e4d4d
5d5c5654
676f6d62
69707069
90665363
b2abb5b4
b4b0b0b9
c6c1bdb8
c7c4c4c4
c6c7c4c5
e2d2d1c8
502a2dbc
7e7c7869
4c697b7d
0b121122
7c4f3214
7a72718e
14130f54
1d191b19
171b1b17
340c1a1e
7a707e76
908e8f8d
3a3a3b3e
68453238
8a8c897c
506b838a
3d372d31
4443403c
4b4b4a43
5449514e
474450ad
4c4f4e4a
625d5755
676d6c68
5e666f6b
b39f6953
acb2adab
bdb7a9a3
c4bebabd
c2c3c2c4
cdc8c0c1
d6cfccc8
521977ef
7c7a786a
4e6b7c7c
12131123
cea52b00
99c5baca
18171018
201c1b1d
1e151a1c
68231019
8c767181
8a8b8c8f
38383a3c
65443139
898b8a7d
4d6a808a
38342a2b
3f3f3f3d
49474542
7c3c4f4c
484344ab
4f4f504c
66605655
6766666c
564d636c
afa8a27c
aaa8a0a0
bbb6aeaa
bcbbbab9
c5bebabd
cac4c6c7
cecacaca
4624bae3
7d7c7869
4c6c7c7d
01101222
bdcec13f
d8e3dbca
1b160f30
181d1e1d
211a1a1b
82581315
938a7577
8a8a8b8c
3d3b3a39
6444343c
8c8e8a7b
496a818a
3b31282a
4042413f
46484441
a33e504d
4941479d
534f5249
5e645d54
68675a5b
88575061
9992a4a6
a79d9fa4
b5b4b0b1
b1b2bab9
c5c2c0b7
c3bfc1c1
c9c7c7c8
326fe7d2
807e7b69
4a6c7c7e
66070a1d
d4b5b7d0
f2d7d8da
1a170671
19161a1c
1b1c1717
7c7d3e14
8d8d8574
898a8b8d
3e3c3c3c
6345373e
8f908c7b
496b808c
3d312b2d
42444140
4a474442
bb4d504e
47433c8b
534a4b4d
565c635b
6061645d
a591594c
98969099
a1a8a59e
b0adb5b2
bcb1adb0
bfb7bdbb
c7c4bfc0
c8c9c7c8
45c9d8c9
80817c5b
44677b80
d28d1409
d0dab7a4
ecc7cacc
19150693
1416181b
171e1811
75827023
89888c80
8a89898b
41413f3e
63463d40
91908c7b
4c6e858e
3e362c30
42434141
4c484742
c45a4650
49434080
59534843
5957585c
4d636869
8f968f5d
a2959091
b1a69fa7
a2b0aba9
bfb5afa0
b8bab9ba
bbbbc1c1
c5c5c1bd
aed7c8c8
7f7e7365
2659797e
a8cbb247
c5cdd5c1
eacec7c1
201a0492
13121219
0f141a17
7c798650
89898a8c
89868889
43424142
64443b40
8f8f8b7c
4b708790
3e372e2e
47434342
4c4b4442
c9724153
453e4366
554d5149
615d5455
5e4d5f5d
8081878d
a0989090
a49faca5
9e99a6ab
b4acb4a9
bdbcb7bb
b898b0c2
c2c3c3c1
d9c6c0c1
7d7d73ba
8e5d687b
cdafbdcf
c1c4c7d1
e8d1ccc4
1a1a0781
1713181e
2b041a1c
87777f7c
8787898d
85858687
43434543
65483e41
9390887a
4f708992
3e362d2d
44444343
4b474142
b6893950
48414d5d
524a4246
565c5c51
88614f57
7c7a7983
9fa09981
a6a5989c
ad9b98a1
acaca9a9
c2beb6ae
b9b49eaf
bfbfbebe
bfbcbcbf
757895d1
c7c39571
cbcfbab0
c3c2c2c3
e6d2d0ca
161e095f
1510171a
5f15131a
8d807985
8788898b
84848688
43414144
664b3f42
95928b7e
4e728d96
3e3c2f2e
42444242
49474341
aba2364a
48465065
4a4b4445
5a535654
777e6d50
7f727c78
989f908e
9fa49790
9da2a288
a2a2a2a6
a6a2b1aa
b1adafa7
b3b8bcb7
b3b3bab7
8c71adbf
b0b8c7b1
c1c3ccc6
c4c5c3c1
ded7cfc8
1b201242
16121117
7c401c1b
8b89797a
8987888b
83858586
41424343
654a3f43
97948e80
4e748f97
3b3a2e30
3f424440
48434340
a9ba3b43
49445370
524d4947
505e5454
6f7b7c65
87776b74
97868b8e
908a9ca3
a1a09ba1
aea49d9b
ab9fa2b0
b7b2a8b3
acaeb3b7
adafb1b0
c3abb8ad
c8c0b2bb
c0c0c2c7
bec5c6c3
cfdbcdc5
1c181224
1815111a
7e6b3220
8b8d8376
8886888a
86858586
40414142
654b4041
9997917f
4e718e97
3d362b2e
4041413e
48434041
a5c6483e
4d555f76
4d4c4945
5d515d58
7573717e
817d7666
9b98827d
9e918b96
9c9c9b9b
a49c97a0
a5aaaba7
b2b2b6a9
ac9ea3ad
979da8ac
b6b2b7b4
bcc9cabd
c1bdc0c0
aeb9c8c3
a8dfcbc5
1a141208
191c1218
787f561a
8b8c8a7b
8987888a
88878688
40424240
65483e41
9697907e
51728d97
3e3a2e2f
4140423f
47444040
a1c74f3d
51626c7f
51494746
72654754
616f7373
70827f76
92968474
91a3967e
9aa29d91
99959993
aca39fa1
a2b2afa4
a19fa8a5
b69e91a4
c5b8abb4
bdbdc4c6
c4c0bfc0
9794c3c5
67dcbabc
1d161506
151a1318
787e7729
8a8d8d88
8988898c
88888988
403e4140
68493f40
96969282
4f738c95
3e3b2f31
41404342
46434140
9ec4523b
5c6a7789
54483a48
67755e49
75576d72
7d77787d
7c7e787f
948e9a98
90959196
8d929290
a39e9c92
9ea2a3ae
879eab99
b0b5ab98
bec3c3b7
bfbcb7b7
c5c2c0c0
9e87a0ca
25c1a981
151b2012
2c161412
80767f5a
898a8c8b
88898a8b
87888b89
3e3e3e41
694a3e3f
95949182
50758d94
40392d31
403f4142
44444241
9ac15935
646a7a87
44494247
6d637462
736f5966
77737176
8d787a82
90968586
948b8d8f
908c8c89
92999a94
9b979d9f
9f919394
c0b0aaad
b6b8c0c7
c1beb8b7
cdc4c2c1
809d87b8
0495b87e
0e1c1e11
461e1418
89797a7d
888a8d8d
87898b89
89888988
3f3d3f42
684d3d3c
95969181
53768d96
3f3a3031
3f3f4040
44404240
a3c2662f
676e7c8d
5d434a53
5e6a6770
73767057
7e6e696d
858b7772
80878985
84938d81
92928f81
9294908f
8d948e8b
aaaa9286
bbbfb8a9
bbb7b5b3
c3c2c0bb
cccac5c2
878f9292
055cc783
1a1a181a
682a181a
8a817583
8787898b
88888989
8888878a
3f3f413f
684d4341
96969181
54788d96
3f382b2f
403c3f3f
42403f40
adcc6e2a
75778b99
6c553c60
58616a5e
6c726f6e
6f7f6463
6f818b6e
7582786e
91615d71
87878d91
8a888d91
847f8b90
b0a4aba5
afb1bdbf
bdbbb8b1
c3c3c3c0
b0d1c6c3
5268858e
0e1aca8f
23191b1c
7f41181e
8a887a7a
86878889
87878787
86878989
41404142
684d4441
97979281
51799096
3f372a2d
403e3f41
40403f3f
b2d06c29
80808b9a
5d5c4e6a
6c546067
5e696b71
70687667
66556c80
53504c58
6b5d8584
83827d74
4e757f77
a6857f63
bebea49f
b9b7b6b9
c0c0beba
c2c3c4c2
95cbd2c4
6535426b
130086d6
1d151418
8165231a
898c8476
8787888a
86868787
85848787
43434143
6b514343
99989381
52789097
3e35292e
4142423e
403f4040
b4d06528
7a7091ab
5b564e73
6d69525b
635b646b
786a676a
5e705f72
392d4251
5d728c8d
4d52414e
232a2c3d
8f9d9617
b7bdbba8
b8b8bbba
c0c1c0bc
ccc4c5c2
4b7db5cc
b65a3833
180e1ec9
1c171216
787d4214
8a8d8b7a
8786898a
86868687
84858585
42444641
6c4f4744
96979584
54799098
3f362a2d
41404140
4141403f
b9cb5030
625e95b9
59574960
686b6349
69665d64
69756464
52606e53
4145594f
2a4c6657
28314a2e
220a1018
bd948f77
b7b8bac1
bab7babb
bcc1bfbd
9dc7cdc1
343a4469
cca56041
19180954
131b1619
757f6416
8b8c8f85
88898b8b
87858486
84858586
3e454743
6a514743
96959684
527a9097
3f362d2d
4340413f
3e3f4140
c3be3736
645598bd
4b535b6d
626a6b5c
636b6259
55676f60
5c576167
20293b48
44485c37
3c253953
8c280619
bab7977f
b5b7b8ba
b8b7b8b8
c6bfbcbb
3858a9ce
5747342f
31b3b47a
14191508
111f1916
7c797a31
8b8c908f
888a8b8c
85868888
84848586
40434749
6b504541
96969381
537a8f96
3c372b31
433f403e
3e404140
c6a02b40
6f629abb
55476379
59626b67
6063675e
60516a6f
3c384769
2d141c33
3f1e4e5f
3c1f4149
71923801
aba7bc90
b0b3b5b6
b9b7b4b4
a7cac1b9
3e3f6877
8c7d614a
0638bca9
131b1a18
1d251e11
88778059
8d8e8f93
8a8c8c8d
86888689
82858686
4447474a
6b4f4241
95959181
557a8f95
3c342b30
4140403e
413f4142
cc6f2845
6d80afb1
674f5376
61525b6a
645a6061
5b5b7165
29382438
5715191c
48281453
3715223a
a670884a
b0a8a8bc
aeaeafad
bab6b5b3
436eb0c9
7779754b
9f909489
190438ba
16181d1e
2f151d14
91797b75
8e929291
8b8b8d8e
86878789
81858788
4446484a
684e4344
95969380
57799096
3c382a2f
43413e3e
423f403f
c8483545
8c97b0bd
6a624965
5e5b4f61
6567595e
2d55584a
1724372b
45360921
52562616
71202627
bfaa717b
ababa5aa
b0a7a6a8
bfb8b4b4
6430367c
928d6b55
bda98e93
19160344
13181d1c
4e141b1a
9485747e
8f939392
8b8b8e90
88888989
83858687
44484a49
654b4342
95959482
587b9097
3b36282d
3f3e3e3d
44403e3e
902e4546
a18eabd8
5e645a52
585f5f50
62656258
31302b3e
4117263a
1a411611
31353015
7c443f3b
b2beb26e
aaa9a8ae
b2a6a5a0
81b5b2b8
5b49341e
887a5e6a
309fb394
1a161306
13181f20
65251818
95907474
90919393
8b8c8f91
898a898a
83848588
46494c4c
64473e41
97969280
557b9099
3a332b2d
3e3f413e
45413e3f
3e3d4848
96a8bec0
57636160
5b656459
4e59615b
402e3340
492e0920
19322506
28301623
6455644d
afb5bab7
a4aba8ab
afacab9c
94b2a9ad
49503b43
9670606e
0a1980b2
191a1813
1414191f
70401c1c
95987d65
908f9191
8d8d8f91
898c8c8a
83858789
45464b4c
63423c42
97979280
577b9299
3933272d
3f3e3f3e
47434140
2d4a4c4a
93b8cd7d
54505863
5d545b65
2f585d5f
3943302a
3433101a
1d15271c
3432292c
9c6c6146
a5b1aaac
a1a3a4a2
aeaba8a2
b2b9b1ad
4b46316b
93757448
1710075c
1d1e1d13
1913141e
6e592319
96998c66
91919191
8d8f8f8e
898a8d8d
83858789
4447494b
62423a42
9697917e
597c9399
3933282c
3f41403d
45423f3f
364c4e4c
a2c2d964
594e5b5d
65615559
2a45584f
2f341a23
42231f25
17160d37
461d0d1a
9c896134
98a5aaa3
a0a1a39e
b6b4a29e
b9b6b5b4
33214089
787e5c38
12110c33
211f1c1c
1a12121c
656e3717
9496916f
92909294
8d8f9091
8a8b8d8f
83858889
454a484a
61413940
9896907c
587b9298
3d36282d
42434140
48423f40
384e504e
6fcfd764
555b5a47
6166664f
2f241f46
32281215
321e2338
14191e5c
464f100e
a9a78b66
9198aeb2
9494ab9d
bab8b2a2
b7bab7b6
13244b96
7e7c4a31
1313122c
23211f1a
16141319
67755417
94928b7e
8f8f9394
8e90918f
8b8a8c8d
8186888a
44474a48
62413c44
9797907d
5a7d9098
3d342830
4242413f
45464240
414f514c
4abbd451
55535248
5350565f
19310e42
301b1710
0f2a292f
0a213e5b
7c5d5f08
aaa67d92
918fa0b4
9a8b99a9
bcb6b3aa
c4c3bebb
0d295caa
8186391f
1716121a
21241e1a
14171214
746f6f2c
8c868186
8f919391
8e928f8d
8b898b8c
8186888b
45474846
62413c43
9796907e
5b7e949a
3b322833
45454441
573e4343
4c504d62
44aabb3c
65514b58
2937445b
0e382023
1d151e1e
263d2225
04062a3e
a37c6955
aa9b838a
9c9a99aa
a494838c
bcb9b6ad
c8c5c2bc
123175b9
8d712312
1d191725
1c27201e
0e1c1812
856b7a44
8182838b
8c898583
8f908e8d
898a8c8d
81858688
43444a49
60423b43
9998917c
5c7c9599
3e362d36
44464543
5d424141
54525153
4cb77d44
5f5b5450
1d2c4b60
15331812
1a1a1b23
3f451a1c
48004e3d
a1a6786e
b7998a9a
819698ac
aa978f7e
bebab5b0
c8c6c4be
173a89c0
925e1909
1c1c1a30
18272421
18181b13
91717662
83868a90
82827f81
8e898581
87898b8e
7e828586
41424747
5f3f383f
9b98907b
5c7d939a
3f3d2f33
45434441
51454444
57555350
5b9f5451
6461634e
361b2147
1f330e13
1e161e23
242e1625
6e344b1e
b19e986b
b89b7da8
81828b98
a799958f
bfbab5b2
cac7c3bf
204a9bc9
944a1211
211d1236
18222122
31111d16
967e707a
8c8e9292
83858589
827f7e7f
85858483
7f838684
41454545
613e3941
9a99917b
5a7f939b
3f382c32
47464443
4d474444
4f505053
54565950
5a64675b
34162225
3113181e
23121333
381e1c26
656c3300
b19a8793
a3a88aaf
8a838385
a19b9794
b8b7b5af
c7c5c1bd
2e5aaec9
92380f12
201d1340
161c2724
5713181b
94896e78
94908f8f
898b9191
7d827f83
7f7b7a7c
81828582
3f424545
603e3a40
9b97917f
597e959c
3f352b33
44464444
4c484444
50555351
74616568
43606550
480c3623
3f2e1517
2517101c
2728301d
96545512
b3928f97
6e94b1af
928f8b7c
9d9b9b98
b4b5b2a7
c5c0bdb9
2569bbc5
8e25110f
22291a53
1a192726
6c27151d
918e7370
918f8e90
8b919694
7f828589
797a7c7c
807c7c7b
41424343
5f3e3b41
9b99907d
5a80959c
3d372d32
44454643
4e474443
804c5652
500f2887
1f43578e
50202042
1d23190a
231d1612
0b26331f
a08c5b4d
b7908dab
404288be
84624d4a
999aa19e
adb4ae9f
cabfb9b2
134c98bf
831d0e0d
22271867
1a15242b
753e131c
8c907e6b
8c8c8d8c
8c91918e
85888a89
7a7f8283
73767879
43454445
5e3c3c42
9b99907c
5c80969c
3c372f31
43444742
4e464343
7f5c5452
61060661
29263c79
4f3d123f
2a272009
2d0d1321
2f0f2d3c
ab9f796a
bfaa83af
78756081
2d263f68
93988b55
aab0aa9a
89abb4af
293e4560
73151210
2826197c
19181c26
7553161f
8b90896c
888a8a8a
8b8e8c89
89898887
7f848889
70747a7c
46494643
5d3b3842
9899907a
5e81989c
40382e32
41434545
46464240
72816146
5a425b7d
461d2547
39293827
2516241f
120f073d
610e2033
bfa0a179
68bb9c9a
4e575c49
3c4c4e73
88825331
abb1a790
436599aa
344b473e
6a141320
28202180
1c191925
6e67251b
8a8b8d74
87888988
898c8a88
89878688
83878a8a
71757c84
42444644
5e383541
9c9b907b
6083959d
3c342a34
41424442
553a3f40
7f7f747b
1b667985
4c422f1b
25194f28
0b162925
110d2d45
6c47070f
bab69d9b
2348aeab
13171f29
5c2d0b17
7c6b565c
b5b4a887
243965ac
221d1914
64150e1d
2a1f2e83
1d17161f
6b78340f
878a8e7e
86888786
888b8987
87878686
80858988
75797e81
3c3f4041
5931313b
9d9b917a
5d7e949d
38332732
3d3e413e
b14b313e
767e6795
071e2f68
34433b42
201d5b3c
09203c1d
142e5118
8c672108
babca2a1
141444b0
2b0c1212
2b002b6a
73665c63
c1c0a885
3617155a
1b1b0f3a
5b131014
29253085
1d191519
717a4a10
85888c8a
87848484
86878785
84868786
7c7f8485
73787879
3c3e4042
5a2e2e36
9b9c957b
5c7e989f
3f362930
40413f40
b0552e3d
697b697e
3a121d58
231b2c2c
18164b55
0c392f0d
20221711
a2744e0d
bec3b19c
19132358
341f2433
3138acb9
6c60534c
83d6ad82
5c251b14
18112286
55171515
28303688
151b1716
79766620
8689888d
83838383
85838384
80828485
787b7f82
716f7073
3d414243
582c2d3a
9f9e937b
5c809aa2
42392d35
4c444545
6a281b46
297fc990
30380818
3c232e1d
17135357
11391b14
0b0d1614
93875430
6cc0c1a7
1631534b
6a2b3f51
446ec5c8
69594f49
53c8c088
66303c4c
0f0d2f90
4c201412
21393890
111c1a18
80727631
8488878c
83828483
83848484
7f808083
7176787d
8f7c706c
3c424345
572b2d3a
a09e917a
5c819ba0
433b3238
264d4a49
9366411b
1f39abb6
164a4315
50363824
1a256552
1b191113
170a1915
a29d7a57
4f67bec2
40686d5d
a5695c45
5e79a3b6
645a5259
54bfce8b
9e6f6361
181a1f6c
42231c19
1d3a3e97
131d1715
89737849
83848789
848e8581
81838784
7a7d7e80
716f7777
ada29483
3b454746
562a2c35
a29d927c
60859ea5
463f3239
175b4d4d
7b75884c
4b0d1669
09344450
462d3f2f
1d4e6466
13141410
3f01131a
b79d995e
65455fc4
6d716d66
65574f61
758f7f5f
605a5a55
89c8c884
51626670
172f2826
38252014
1b324c9e
251b1916
8c797066
83848687
84898381
7f838582
7576797d
98807371
b1b1b0a9
38414545
53252a34
a29d927a
62879fa5
443d2f36
7b58454b
33376f82
1d161533
1b526a62
3b473420
1b4d6d51
16141616
631b0817
c9a89e72
685b3262
75767775
6e676b72
787f8377
585b635a
98cfc17e
535d677b
18384640
34231c0f
1a28569f
2d132015
8c826b73
82828585
82808284
7d7f8382
6f76797a
b4aa9174
b1b3b4b5
32393b41
511e2231
a29d8f79
63869fa4
453c2f37
6949454a
423b4562
3f30181f
0d414049
6632371d
154f4c45
19121514
5b510d1b
74cca993
685a5027
87877e77
90868388
758f8e92
585b6765
abd0bc7b
606d7e8e
1d405255
2e202012
19235da0
400e1a15
89877074
82828387
81818383
7a7d8080
756e7879
b8bbb79c
b3b2b3b5
32353b3c
4e201f2d
a09c9078
63869ea3
3f3b2e38
68655849
2f66687c
58462d1d
0c204d4c
51444519
304b6e5e
1714171d
6e622e12
168fc4aa
665a5241
8f8a7d73
94959598
72889792
565b666d
acd4b56f
646d8096
1d46565b
231d2215
1717699e
5a141818
888d7672
82838385
80818484
787a7d7e
9e767176
b7bbbdb8
b5b4b2b4
31303b38
501f1f2b
9f9c9279
63859da3
48372d35
6e726a5e
1e2c2e46
5d453b26
15143065
4d391a12
6554103f
17181622
935f590e
2219b4bd
6558544b
93887b72
999b9a99
7887969a
595e6972
afd7ae69
6170858d
1c485b5b
1e212619
11177790
6d1e1318
888e7f71
83838587
7e808381
767b7d7e
b5967072
b8babbbb
bdb8b5b5
2c2c2f32
4d1d202a
9f9c9178
62849ba1
4a3a2e36
354e524d
20324141
64572d4c
18132235
241f1919
74520a1f
0a130b30
b4756728
320744c0
605a554e
9081766d
979f9d98
76828f96
5a5e6b72
b4daa769
6576858c
19415c5b
16222417
0e1d8084
75310f21
858d8b73
81818587
7e807f80
74797c7c
bab2856a
b9bab8b7
c4c2bdb9
292c2c2f
4b1b1d27
9c998d78
6383989b
433f2e35
664c4c43
4c424251
61401936
1d181f31
251f161a
6146141a
060d1672
d0995b50
2e1c0a7e
615c554d
837a726a
969c9890
6c7d8b92
59596769
b8d59669
6a76838a
16395a5d
0d212414
0c308885
754b1324
8689987b
80828486
7c7d7e7e
6d767b7b
b9baa473
bcb9b7b7
c5c6c6c3
2d2f2d2f
4d1a1a26
96998c77
6380979d
415a2733
29687556
27496341
6f493532
1b271e48
351e0f11
4c711e1b
20025b5d
b8c86761
281f1318
605c5446
817b7268
93939389
677b878f
55576261
c2d08d62
67727f86
122d585f
09242a1b
0e428677
7363171c
888a9082
80828486
7b7c7e7e
6c747879
b6bab890
c5beb8b6
c2c3cacb
2b2f2f31
4b171824
97978d76
6282989b
644e2332
22406666
233b4863
695c4c4c
181e2558
482e100b
85854421
4900351f
3fd1965e
27271b00
5d5a5444
7e766e64
8d8c8582
6577868a
52555d5f
d2c4855f
67727d88
1121515f
05232e1d
0b4a9069
73712814
83888e87
82848587
7b7d807f
786f7778
b6b8bcab
cac8beb7
c4c5cacb
2c2d2f31
47101421
9a978d76
6286999c
55352433
2f426453
37384642
7244404e
1c0f234b
2f311316
483a555e
561d0a11
0272bb64
27341e0b
5f595242
77736963
87847d7a
5c707e86
52586155
ddba7b5f
64757888
1414485e
03212d1e
105e915a
7578430e
83868a8c
81848383
7c7e8181
946d7478
b7b8bbba
c8cbc7bd
c8c9c9c7
29303236
470f1320
99988f75
62869c9d
525a3433
3030554b
2e314c49
6a4b274f
2219354a
4c320f18
10315938
6e821e09
0737a172
253b220d
5b595344
756f6a62
83807d77
4c6f7983
626f6b56
d9b77957
61707184
160e345c
03202e1e
186c9647
7c7b5b0b
8286888d
82818183
7d808082
aa766e77
bab7b9bd
c6c9cac4
c9cac9c6
2b303136
4f181823
98968e75
63859b9c
3c413e41
322c544c
4e124c5e
65472048
1d234a5e
1d1f0a26
110e4f28
a6b05200
0e075bae
2a411f0f
5a575345
736c6861
817d7977
52707c81
50394c60
b6a3624e
626d737a
19121751
081d2920
1d6f9535
827b6d15
8285868c
7e838282
7b7d7f7f
b5876b76
c2b9b8bb
c9c7c6c6
c9cccbc9
2a2c2e30
5b292124
98968c7c
66879b9c
41372539
3833494d
631e324f
5e473037
12235272
12072c37
1b132e61
b4946d17
14150076
3249220e
5b554f47
736f675f
7f7c7774
61757e82
45434a56
9e915142
6467717c
1a191337
0d1f2b24
25788d23
877a7b2e
8283868a
7f818281
7a7c7c7e
ba966f75
c7bfbabb
cdc9c8c8
c8cacccc
2b2c2e30
64382a25
94928e80
66889e9b
3f3b2b37
331d524e
3352162e
4f513836
00377467
21087a43
613c1d3b
9f71497a
1d2a0e11
3351260b
5956514a
706b625c
7c797470
747c7f81
69675e66
92aea26b
5a66717c
1c19151e
1320342e
2b788515
8b7b7f44
83838688
7f828181
797b7e7e
bba47472
c9c5bdba
cdcac9c8
cac9cccd
2c302c31
69422424
96928d82
688a9d9c
3c3b2d3a
2c1e6a53
15375831
57523c2f
1c5f744f
1d235135
a4726827
43ad465e
211f1f11
39522513
5957564c
6b69655e
7c7a746d
797c7f80
a67d6b74
90b3b992
42696d75
23191817
1c233131
367a770c
8a7e7c5d
83828687
7e7f8080
797b7e7e
bbab7b6f
c9cac1ba
cbcbc7c7
cdcdcccc
2828282c
6b44211f
94928e81
688a9d9d
42332a3a
3224566a
1d22335e
4f332e2b
396e653f
1915274c
8eac875e
0260752b
261c151b
3f511c14
5b595349
6768655e
77746e6a
76787d77
c1947677
8ab5b69c
21636d73
261a1816
19232b31
477c6707
8982796e
81828487
7d7c8180
787b7e7d
bab3826d
c8cbc8be
cacac9c8
cdcdcdce
25252629
663f2721
97948d80
6a8c9f9c
60332738
4c254e55
2e31104a
4228352b
6b6e4f2f
4f39063f
44ac9558
1f0a7352
2b19141c
3f4b1315
5a585242
6868645e
726c6766
72737370
c89e817b
89b9bdac
0f497069
271b191c
1b222932
507b5e07
88867971
80818586
7d7e8080
747a7c7d
bcb6886b
c9cacbc4
cdc9cacb
cecdcecf
26241e24
673c2420
97958f83
688ea09f
51531f39
40185243
27281d40
34394538
7d4b2b3f
9b652534
3d5bb7a6
350c2084
2f1b1417
3b451118
5b574f39
6965625c
61666864
6e706e69
82727674
69807f98
11266d5f
291d1a1f
1d292f32
5a7d5201
88877976
7e818385
7d808082
74787b7d
c1b68b69
cacacdc9
cfcccacb
cecfced0
24201c1c
6a3e251d
9b999384
688c9f9e
2f5d3e2d
2c175169
1b2d2b29
41506436
454b4a32
b6706a45
823073d4
2215084c
2b1c1218
373e111d
5d584b33
69635d58
374a706c
4c4e4b40
47383a42
4b47374e
18105372
28221619
241e332d
6a7c4008
8a887b7a
80828484
7e808081
727a7c7c
c8ba9169
cacbcccd
cfcdccca
d0d0d1d0
22201d1c
6c47311e
9d9c9483
5f899fa1
462e664b
21274273
272d2517
5340783d
30534549
bf5d7043
7f7036af
1b131b0f
241e151a
36361424
57544732
66615b57
54607072
52484247
7e6a6558
7163618a
1a13226e
24221816
2f1d3131
7781310f
8789807a
83848585
7f817f80
717a7d7e
cdc1996a
cbcdcdce
d0cececd
cfcfd0d1
201e1d1d
6946341c
9e9c9182
718e9da3
672a2f64
45313953
29371910
4225834c
4d294558
a45a7374
24946d59
14141e18
221d141a
312e1725
514d412c
605a5754
6270706c
5554565a
9290886b
79726794
19180d41
23181a11
31203036
7d862d13
898a807d
85858688
7d7f8283
6f7a7c7f
d0ca9f68
cececdce
d1d1cfcf
cacbcdcf
1b1b181a
64413219
a09e8f81
768f9ea2
62541a35
4748264c
2e3a2f09
40487365
585d593a
9971717d
1732aa6b
1a1d221f
251f1b1b
312f1a29
4a473826
5f5b5650
686d6965
5359585f
55605c53
6279715a
1a19141c
25181c18
2e253432
82882b19
898a8580
86868887
7f818484
6e787b7e
d2d1a667
d2cfcecf
cbd1d1d2
c6c7c6c9
1619171a
5e3d3c1b
9e9f8d7a
6489a0a1
49672132
37541647
1e27370b
6f556286
58794338
9b7c6058
20124ca7
1b1b211e
2222201b
31261c25
433d2d26
5d585049
686a6661
5b5c5f62
60575456
316d7378
1a161317
2c151d23
2d233735
8388281d
888a867e
89888887
7f838487
6b777b7d
d3d5a863
d4d2d1d0
c8caced3
cbcbc9c9
1016181a
5f474a23
9d9b8a74
6c8b9d9f
4a5b2035
21412737
1e243412
775a6e82
55574b5b
c8885a44
19200d66
1a1a1f19
1e1c1a1b
28191e22
3f302524
5b574c46
68666662
73696868
807b817c
194f7479
201a131b
2f121b23
31283538
8a8a211e
8a8b887d
86868888
80828487
68757c7e
d6d7ab62
d1d2d2d2
cecdccce
cacccccd
15171515
60484c2c
9c9b8b74
688a9c9d
51462137
1a3c3b32
221b3715
715a5262
5e3f4b68
997b4355
1a1d1a16
1a16231c
1c14181a
23181d1f
2b1f231e
5b50453e
6d686561
7f7e7c6f
8488928f
19277b79
241e1717
37121f20
302a383b
8c8a2123
8a8c8c7d
85858789
7f838588
68757a7c
d6d8b665
cfcecfd2
cccecfd0
c5c7c8ca
15151914
6146462d
9c9c8d74
698c9d9d
44422435
1d462c23
251a311c
58233d64
64556d75
48524269
181d1c25
1e16231f
16161b19
201c1c1e
10222521
57443623
7269645e
8b8f7f75
8c938b8e
2114667b
251f1d1d
3d121e18
2d2e383f
8c8a2127
888d8b7e
84858583
7d818486
6674787a
d5dcc36d
d1cfcdce
c6c8ced2
bfc9c8c5
16151816
644e3c22
9a988d76
6a8d9d9e
33451836
1e423113
151a2a26
3f1d596d
657d6958
28435a7b
1a1d1e20
2118271f
171a1e1a
1f1f1f1b
182c2023
40301b10
685e5748
8b807570
808a8990
22145278
28202324
40171a1d
34343640
8b88232c
83847f7c
84868684
7c7f8384
62737879
d2dccc7a
d1d1cfcc
c7c7c9ce
4e7ba6c1
13121513
5c473a18
97978d7a
678a9b9d
4c714a23
212c311a
0f192127
2f3d7d61
65575e53
6b7e7489
1c1e1914
24142e27
181b1b1b
23221b16
2c291e26
2e28221c
5b52473b
81787263
727e828c
1d0f436f
28212426
3e1c1a1e
37373a44
848c2e2a
736e6068
82827d79
7c7f8284
5d6f7579
cfd7d38f
cbcdcdcd
9bb9c3c9
0c0c2a65
0e131c19
56353216
98988c78
53899a99
553c9d66
25312819
10191f27
26637c56
5d604c2c
7b3c7a77
19151776
25122e28
171a1717
20211816
301c1921
5f574a36
6c696c64
8083796d
928c8985
3a6a98a3
231f1c1d
3c1d1a1a
38353d43
768e3427
5e565357
716c6563
7b7c7e7a
5e697379
c9cfd7a5
c8c9cbcb
3487aec2
26180e0a
14192424
512b2714
95968a72
877f9897
46302c8b
2139250a
162d3221
4c6d6a41
42836525
3e427051
1a1a6e95
2b152a2c
1a1a1a1b
221c1b18
311a1b1f
5b5f5742
6a66645e
7577756d
9b847573
b9c7c0b1
17194583
43211a1c
38353940
6c8e3e2d
58596460
59555556
6d6a655e
63676e71
c6c8d4b0
bec9caca
0f4497b4
35332015
1c283e57
391a1f1c
93958867
8b9c9a94
2d68292c
282e160a
29422e15
4d684a19
3c558354
7649604e
0d575b6c
2d142528
1d17171a
231a1818
2e181e21
5b595746
6768605a
6d6d6f69
9f8a7570
c2bbb8b0
3a8dc0c9
3e1c0d0c
3332353e
6c8b4225
666e7270
4c515860
52514b49
53525953
c5c3cdab
bdc9c9c9
19113690
39373024
324f6d78
3015212c
94928762
62949e94
065e7237
4a271015
40532002
595e0b2a
5c355f4c
6a676253
31622477
2c11231e
1e161919
1f1c1720
29172329
59555146
67665e5d
6e6b6b6a
a4917e73
bbb6b2b1
c5cec0bc
38150e6e
2f2f313c
73874723
7177787c
59636b6f
41464953
35485e49
cac3cca2
94bbc6c9
302b0f38
39393831
5a787e76
2f112c45
93928863
66889696
102b6779
5d380a12
35485236
3d323823
492f3467
66836b62
632e5348
2f171e1d
1e181d1e
201a1f28
2b192c28
5c535147
6e66605b
6f66696e
a1938578
b4b2aead
c8c0c0bb
201992d6
312b2838
77854f18
787a7d81
69707476
47565b64
3e496d54
cecacdaf
288cc8ca
31363511
353b423c
7c8c8373
2b13365f
97998a64
84819c97
162341a9
23251316
28203c45
5d14453f
4831262a
8e786f4c
5b545d2d
2c191238
1e1e1d1d
281e1d26
221a3c2a
565a5247
69666859
7269696d
998e887f
b2aea7a3
c4c1bab7
1e99d9c6
312b212a
79845616
7c7d7e83
7274767b
5b66686b
634c6d5e
cecdcec3
0a55b7c7
38374232
3d3b464a
8c8b765d
2c155080
9a9b8a64
89829d9b
15145486
1c2e1d1d
252f1920
4b191e16
44302734
7280574a
477e4864
2e1c1058
1f1c1e22
2a1e202a
18254d2e
5a51574c
6b686862
776f6a6b
948d8980
aba69f9c
c4bfb9b2
89dec8c7
2b261513
7b7f6216
7a7c8083
7477797a
656b6e70
88596e66
cfcececd
253393c2
483d3c41
443b4555
9b865f27
29186592
9b9d8c66
84849e9e
14122772
20262312
2a481b15
182f2714
3231274a
6b6a5b48
643f5c89
29101472
1a161a20
21151e27
142f5832
645a4f44
6a6a6860
756f6b68
8e88847c
a7a29c99
c1bbb6af
decec9c5
1e1e065d
7d796b13
7c7d7f80
75797a7b
6a6b7074
a263726c
cdcecfd4
3e2860b7
55473e40
4c433f4b
a083390c
1f1f7799
9c9b8c68
75899d9e
150f3b78
1d1a2f17
23502317
28350d20
4c403930
66574c38
500b708e
250b2196
1a151a23
191a1f2b
0f345a38
625e533f
6c696261
766f6c6c
8d888179
a6a09a92
bfbab4ae
daccc7c3
16151dc3
80757214
7d7c7d7e
76777978
676d7175
b6897966
cdced0d3
3e3339a1
4b514a41
4b4b413b
a37b2009
191b80a0
9d9e8b67
68919d9d
16113b62
1b162021
1a572c11
3a170c2a
583e2737
824f3650
530f4d8b
250e1db4
1c161d2c
1e1a1724
13364b44
5b5d5541
6a666463
75746e6b
89847e77
a49e9890
c0bab1ac
cfccc9c5
0c016de4
82787b17
7c7c7d7f
74747879
61696f73
c8b8a075
c5ccd1d2
3e403576
3e505045
4a4a473a
a06f1e0b
1a177ca3
9e9f8c66
7191a19f
1a123972
1d151921
0c5c480d
201f1a29
5138251b
7b49384d
4d0c6e7e
2d170995
19181f2d
28161626
16404c43
5d5f5841
65676865
72706b69
86807e76
a39a958f
bfb8b0ab
cecbc8c4
0213badc
827a7d22
7b7e7f83
7272757a
6c646c71
ccbfc1a9
a9cdd1d4
443e3a4d
3c47554e
4f474b43
9b651006
151a80a3
9f9f8e65
758ea1a1
21181a6d
0f161217
0f4a6e15
1820221a
432c1b19
7f43215e
65446880
2e0f4a8d
181c1e23
331b1e1c
1a425d4e
63615846
65656566
72716965
867f7a74
9e9a908b
bdb6b0a8
cecbc8c4
004ae0d0
827f7b30
7a7e7e7e
70717677
895f6d6c
cec5d0d0
7dc4d1d5
473c3b3e
3c405153
4b4d4d4a
9e5b0c07
112186a5
9e9f8e63
7690a1a1
15231a50
15131414
10374b46
0e172b1b
2c241b1f
81553f62
92786978
1e192946
1e1f1f1f
4a261b18
21395b5b
655e5849
66666767
6f6d6969
847f7874
9f978d88
bbb6afa6
ccc9c5c3
0086e2cc
8081793c
787b7d7e
71737879
9f5d676c
d1c9d0d7
5caacfd4
4b3c3f43
443d4754
3f494b4e
9b5a0b07
112e8aa4
9a9c8e5f
758d9b99
1417295c
32201716
1742311a
1316291f
23321b21
78756022
84754657
283a4757
1d1c2923
51301c17
23335d5b
61615b4d
65676c69
6d6b6764
827c7671
99938b86
bab4b0a4
cbc7c3c1
07b9d8cd
81817b3f
787a7c7b
71757878
ab65676c
d3c6c8d5
5684c5d3
4d43424a
483d4352
3840484d
994e0907
113291a4
9c9c8d5d
788e9e9c
17152361
201c1917
1b342e16
131e1d20
1b3e211d
67714c10
2c16306a
54493933
1b1c3b5a
563c2517
2d30605b
63625e52
66686a69
6e686562
7f7a766e
95918884
b9b3aaa2
cac6c2be
2ed5cecc
847f7e43
787a7c7b
71777878
b36a686b
d4c6c4d3
5363aed1
4c43414b
4f3e3848
423f4449
9141090b
163695a4
9f9c8b5c
7c90a1a0
151b175a
281c1514
21292419
0e242216
253e201b
6059433b
292f7459
211d170a
13243625
5744321a
38275e5f
6864615a
666c6a69
6b6a6664
7e76726e
94908883
b7b1a89c
c7c5c1bc
61dcc9cb
81848044
797a7c7c
71777879
9f696d6e
d5c7c1cb
515596cc
4641404c
4b493c34
47424445
8c350810
1a4494a4
9d9c8959
7d8ca09e
101b266a
1c332a17
1c242615
18261e21
3b2c2f1e
6a6b6329
476c532f
1f1d1b2c
121b161d
574b3923
4422505e
6a6a645d
67686b6c
68666666
7b76736d
908c8580
b5aea398
c7c4bfbb
9bd7c9cb
7d777d54
7e7f7e7d
73787b7b
776f7271
d5cba996
4b4d84c6
39463d42
434c4b2d
4448443e
862c0910
1d52949f
9c9a8755
788f9e9e
121e326e
151a2a23
2123291a
19252029
480c3527
693b292e
966a2238
1e191233
14141719
59514329
51253a5d
6a696661
6a676e6e
6a666568
7976716d
8d86817c
b2a9a198
c8c3beb9
c2cfcbc9
60526574
7f7c7369
777c7f81
737a7c76
d5d49a69
474c6fba
2e3e413a
3e474d3e
35474640
812a080d
1f549aa1
9c988552
73929f9e
131e355d
1a17191a
321f2624
0e1e1423
501d2225
360f1e61
59522f37
1a141a0f
21150e14
5a514c32
5d312359
6b696564
6c6b6e6e
6967666a
7976716d
8d877f7c
b0a59a94
c7c3bdb5
d6cbccca
39343586
695d5144
7b797670
6b7a877e
d2d7ae71
35445ba4
332c453a
3f43454b
243b474c
7d1c090b
1d63a3aa
9b96824e
76939f9d
14213f53
2415151e
2b1d2423
18141625
51382618
26234e72
2f3e4929
15171314
2c1b0f14
5b515542
624a183b
6c6a6463
6b6c6a6f
65666668
75716f6a
8a857f7a
ad9f9693
c6c2bbb2
dccbcbca
2f392896
3d373330
6b585145
717b8c81
c3d9c37f
2d31487f
472c3540
46414347
1b30464e
7d17080e
2275a6a8
9c96824c
6e98a09d
171e4449
26221014
291b251b
1c162227
36141c1f
47518060
19103053
0f15151c
37211110
4d57534c
645d2d11
69696564
6b6d6b6b
64666868
736f6b69
87817b79
a89c938e
c4bfb9b0
d6cbcac7
444436b8
262d363d
36232223
95a57154
aad5cd95
311d2b58
4e452f34
4a3f413e
1926404c
7625231d
287fafaa
9d96814e
659ca39c
18153850
1f1e1c18
291f1f1b
15202122
151b1f18
517d793a
1a114748
0f141612
432d170e
1f58534e
66614f15
68696766
6e6e6d69
6667696b
706c686a
83807b77
a49c9188
c2bcb6ac
cfccc9c6
504157d2
313c464c
0d111725
97c99626
87ced1a4
35271d30
46533d29
5042393a
1920334a
72403d3f
378ab2a8
9f98804c
629ca69d
1a0f3b59
1c141e24
24231b1b
16172329
1e2c1816
77784011
151c584d
0f0e1213
4c362712
10285a55
65625f3c
69686a65
6e6e6c69
68696a6e
6d696b67
817f7572
9d968f85
c0bab4aa
cacac7c5
543680da
40464e52
0b182635
92c5ae26
3ba7d0b5
282e2316
364a4f34
594b3835
20273644
7e55443f
4395b0a7
9f977f4a
609ea6a0
18153554
1e161716
2617191d
14262723
23232521
583d2b2a
1713306a
120e1316
5942301f
370c2251
65605d58
69696a67
6b6f6a68
676c6b6f
6c6c6c67
7e797572
998e8d86
beb6aea4
c8cac7c4
4c36a9d4
44495254
1a28343c
b8c5962b
14499cb6
30242a1c
313a4d49
50574233
29253641
79605434
4893aba4
9c987e4b
5e9da5a1
1c122c55
1f1a1c1b
3a1f141f
10373023
31213c1e
56503129
1711342e
1a0e0f14
30413e31
513e1a14
65615e59
6b696867
6d6e6c69
6d6d6e70
69696c6a
7c76746f
948f8983
b9b1a89b
cac9c5bf
4148c8cf
484c504f
393a3c48
bfd3983c
1e1e3c78
482c282d
302e4052
4957533b
2a292941
694e4822
4d95ad9e
9e987b4b
659fa5a2
1c112541
1d1c201d
3f1f1529
24513029
40153419
7e472137
14142136
1a121415
1e1a1c23
59554a33
6561605a
696a6667
716d6d68
6e717372
6d6b696e
7a76726d
958c8680
b6ada39c
cac8c3be
3669d5cb
4d514e4c
4a4b464d
7ab58542
2f292e36
57482e2e
30263342
4c555a4b
232c2632
5d412d19
5a96a997
9f95774c
749da5a2
1b17192a
22202519
3c1f1630
42632c1e
1a2a4110
654d264c
1915285a
16111216
47372a1d
5d595652
625f5d5e
66676764
6f6c6b6b
6f707372
6e6c6c70
79756f6e
9189847f
b2aca49d
cbc5c0ba
2f91d8ca
57514c46
56595051
3c5e584f
323a3935
4853402b
44262731
44575f58
1c23242b
4d312521
66a4b495
a097774f
609da5a2
1c192424
21242517
3f1b1935
594c2712
0a573c0f
5c2d4037
1c132b45
2e191113
524c4a3d
5d5a5958
635d5d5f
69636666
6d6c6a6b
72707171
6f6f7371
7776736f
8e87817c
aea69e94
cac2bbb5
33b3d2c8
59524b40
575e5c59
40474d54
323d4b48
32414939
54342b31
354f5c62
191d2023
4422211e
83c3c7a8
9f977851
4f9aa7a1
171d1e20
221f221c
521b262b
5f41320f
1f521741
39255018
1110254f
3f2d1916
5152514a
5c5c5b59
6160605d
67676463
6b6b6867
74726f6f
73727572
7a777474
8f88807b
aaa49e94
c5c0bbb2
48cacbc7
55524c37
565c635e
4c4a5054
3d3e4e56
2b304549
624c332e
283f5364
211a2020
441c1e1b
99c3c3b3
9e977753
6197a49f
1c1a1726
32252124
4c312624
3d413b10
38450d64
2330381a
06325748
45392a16
5555504b
5c5b5d58
5e606060
64656564
6b69696a
7172716f
76777473
7d787476
8e897f7d
aaa09a90
c2beb8b0
6ed5c8c7
514b492d
5c5f5d5e
5e545355
4740495c
363b3b40
6a644733
1b2b455a
3a2b201a
36181d19
95bfc1ad
a0947954
4597a5a1
1f181424
3129291f
395a2229
243e3a15
3d4a3b51
17302c0f
28533730
473b3528
5956524d
5d5d5d5a
5f615f5d
61656761
6b6a6765
6f707170
76787272
7b797877
8d868182
a79b958f
bfbab5b0
94d4c5c4
4e43453d
60685e56
69695b5a
353c4256
39413d32
6a6b583d
141c2d4f
46402a19
737a7a80
706d6b72
7975746e
606f7577
5b595b57
57595856
59585359
5d5c5b59
60656460
65605d5f
63626460
64656063
68666363
5f5f646c
5f606465
665f6161
62625f68
62616660
61616363
555e6163
716d6056
6a697071
6a717271
66686869
6e716e6a
a19b8b6d
5a587398
5b5f615d
5d5c6364
5c61605e
5f5e6363
757e5d5b
6d747578
6d6b696d
7976716d
5d696e76
59585556
54555453
59565354
5b5a5a59
6161605f
62605f60
61606462
61626060
66636362
5e5f646a
5e5e6463
635e6061
625f5f66
62606160
5f616161
555b615f
716c5f54
6a697074
696d6e6e
66696767
6c6f6c68
9f99846b
5a587a9a
5d5d5c5d
5c5e6161
5c5e5e5d
5e5f6160
5764615c
6b6f6e6c
676a6a6c
72726e68
575f686e
52524f50
4f525250
5856544f
59585c5c
5f5d5c5d
5c5d5e60
605f6260
61635f60
60606160
5c5f6262
5f5a6162
5e5e5f61
5e5e5f5f
5f5f5e5e
5f5d5d5f
565a5f5d
70695b55
6b6e7474
6b6b6b6a
686a6768
696e6a68
9b8f7268
54668f9d
5f5d5a59
5c5d5e5d
5c5c5d5d
615e5e5d
3e405362
6a6a6b6e
69686a6d
6f72716e
555b686b
52504f50
50525653
55544f4e
595a5e59
605d5d58
5d5e5f5e
615e5f60
5e62605e
6061635f
5c5f6062
5e5c5f5e
5f616360
5f615f5f
605e5e5e
625f5f5f
5c5c5e61
6f665959
6f717372
6d6e6e70
67686a6a
6b6b6866
967e696b
5a839f9d
5e5c5859
5f5b5c5a
5e5e5c5e
62625d5d
40404351
6b696c6f
706b6c6a
6f717072
5a60666e
4e4f4c4f
52535450
56544e4e
5a5b5c57
5e5c5d5c
5e60605e
61615f60
5f5f6063
6362655f
61626264
5d5d615f
60636662
5d606160
605d5f60
60606261
5d5a6064
6d615759
75747372
6e71736f
686e6d6d
6e6a6b68
896c676d
7099a19c
5e5a5956
5f5d5d5c
5f605f60
4d62615f
3d41413e
6c6b6d6c
706d6d6e
6f707071
6065686d
514c4d50
4d504f53
54564f4e
59575757
5e5d5d5c
5e5f6060
615e5f5e
5e5f5c5e
5e5c6160
61605f61
5d5b605f
61676863
5e5f6161
5d5d5e5e
5d5c5e5c
595f655f
665c585a
77777473
6f727270
6c6d6d6e
6c6a6c6c
76656c6c
89a09e94
5c59555c
5d5e5d5a
6365655f
41506667
3f3f4543
6b6d6f6b
736f6e6e
6f6e7074
525f696d
4f4b4949
4e525150
54514e4e
5c575759
5d5c5b5c
5f615f5e
605b5c5e
645e5a5e
57595f65
5e5a5859
5c5c5b5b
6163615e
5b5c6162
5c5c5c5d
5e5c5a5c
5b62625e
68625756
777a7972
6c707075
6a6b6a6b
6b6d6b6c
696a6c6b
9da39d86
5a555176
5b5c5d5e
6661625d
43474c65
3f3c3b3b
6b6c6d6e
7473706e
706b6f72
505b696e
4f4e4a4a
4f525353
54515050
5a5a5a57
5c5d5c59
62635f5d
605e5f62
635e5d60
585d6365
5d5a5656
5c5c5b5d
6460625d
5c5e6264
5c5c605e
5e605e5c
5a605f5f
6a625856
77777771
6d737476
6f6a6869
6b716e6d
636c6c6c
a2998d72
5b596794
5c5d5e59
65615f5f
3e3e3d4f
423c3d3e
6d6b6d6e
72737273
6d6b6a71
5059676b
4f504d4b
4d505353
5455504f
5a585955
5e5c5e5a
615e5c5c
60605d60
605d6462
575b5f63
5a565958
5959595e
6362635d
5e606368
5c5c5f5d
5f5d5c5f
585d5f61
675f585a
7575736d
6e707475
706d696f
6a6d6e6d
656e6f70
a3917863
59678ea5
5b5b5955
4e636261
41424340
3e3e3d40
70716d72
6e727374
6e6d6a6a
4e5b676c
504e4946
504e4d4f
55535050
5b575957
5f5a5b5b
5e5e5a59
615d5b5f
5e5e6662
5b5b5e5f
5a5b595b
5b585557
6662615c
605f6367
5a5d5e60
5d5a5c5d
625b5d60
685e575a
7573726e
6d6f7475
6d6e6f6e
706d6e6e
686c6e6e
a6946f61
4e6b9eac
605c5757
3c4c6565
47483e3c
3e3e3f41
726d6e71
686c7177
6d6d6b66
4e5b686a
51504947
4f504f4f
554f4d4f
5c5a5758
5e5c5859
60605c5a
5f5c5d5e
5f5f605e
5b5c5d60
53525558
51505555
66625b53
60606064
605d6260
5d5a5a5f
5c5a5c5d
645d585d
7470706b
6b717574
696b6f6d
6c6e6f6d
63686869
9e7d5e60
588ba9aa
615a5652
3e3c4c62
43474340
3d3b3e42
736f6e71
61656972
6f6b6a64
535f686e
4f4f4b4a
4f515250
5854504e
585a5757
5c5e5a59
63615d5c
5f615c5e
5c5d6164
645d5d5e
88786c6b
80858b8c
56545c6c
605f605e
60636763
5e5c5b5f
5b5d5c5e
625c555b
716e6d68
6d727474
6a6c706d
686a6969
64666868
916b6164
73a0aba4
605c5953
3e3f3c4d
45494541
3d3c3d41
75706d72
5d5d626d
716e6d65
525e6770
4f4c4a49
4e4f5253
53524c4e
59565856
5c5d5859
605f5f5d
5f5f6060
5d585d5f
8a807e6f
9794928a
a0a19ea0
71899ea1
5e5b575d
60646966
5d5d5c5e
595d5a5c
61595859
6e6d6d68
70707271
6a6b6d6d
65676867
62656665
7d636262
94aca89b
4b5d5860
3e3d3c3a
44464543
3c3b393c
6f716e6d
5a565b68
6e6e6b63
4f5a686e
4e4b4746
4e4f4e50
57544e50
59565754
5c58575a
5f5e5d5f
5b59585c
7e69645c
81818785
938e8f86
9499a09b
a9a69c99
5857799b
64626460
5c5d5f62
5a5a5c5d
6059585a
6e6d6b67
7175736f
676c6c6d
63636667
61626264
66616163
acaea487
3d4f5c86
423f413e
3f3f3f44
3a393b42
6c72716d
5e4e515f
6f6c6b68
4e5d686e
4d4d4745
4e4c4d4d
5654514f
5b585454
5b59585a
5b5e5d5c
7d71655c
7b776c76
817c797d
8f8b8781
96979793
a29f9e97
6596aeab
63666357
5d5d605f
5858595a
5e595757
6b6b6b69
7276726e
6466696d
62646463
5e616363
5d615f61
afad9e6d
403b69a7
4142403f
42424143
3a3c3f43
67707371
5e4b4b5a
6d6c6d69
505d686d
4d4d4945
4b4b4c51
5553514e
575a5555
5a585957
605a5c5c
727a7866
746f6669
7a797171
8c8b8383
9b989391
a09d9c9d
a9b1a8a3
5e565c80
5c5a5f5c
5956575b
5f555156
696d6a66
7070706c
63666e6e
62656361
60636562
6065635f
b5a68361
403757aa
42434040
433f3d40
3d3b3d3e
616b7372
5e4a4451
6c6a6c68
4e5a686e
4b494444
4f4d4b4b
52504f50
56555755
5b5b5a5c
6a59595a
61606157
716e6767
7676736f
8785827d
a0999694
9d9f9c9f
aeaba8a0
526091ae
5a595b5f
5a565a5a
5f565256
696e6b66
6d6d6d6d
63696f6d
63636161
63616463
65656663
ae9a6c64
3e3e396f
43434341
3f403c3e
363e3b3c
5b667076
5a4d4249
6d6e6d66
4e57656d
4e4b4543
50515453
54535051
59555356
5b5a585a
575c585a
655f5d59
6f6d6666
6f727270
88817976
99969591
a4a39c9b
adaca6a2
6daab7ab
57554e4b
5a595858
5f565356
6d6d6e67
6a6b6b6e
656b6c67
63656362
67646264
68656566
6c816b6c
3d3f3f3e
4042403d
3f424243
303c493f
51606c77
5b504444
70736e67
4e5a656c
504b4442
4f525553
55535050
57575756
58595657
54656057
5f5a5656
69676666
74707070
82817873
9b958d88
a5a4a19e
a8ababa8
b3b1aeab
554a5d81
58565658
60565457
716f6c6e
6464686f
666d6860
61676561
66666163
68676866
3d5b7069
413d3e3f
3c3d3e3f
40424445
5534464a
48586971
5d514648
70706c67
4d5b666a
514a4544
52505053
55515050
59555657
585a5a57
51586058
5b5d5751
6c646560
71726c69
7e7c7874
9f989087
a49f9ea0
a4a5abaa
c9c0b5ad
476acbd3
53525557
62595757
706f6d6c
575f6b6f
6c6a6057
63656465
66666363
6a686664
4046666f
413f3c3e
413c3b3f
4b404344
78513750
46505f6c
5f524847
6f6f6c65
4d59666e
4f4b4544
51505151
56535251
59575656
575a5d5b
5350585c
5e5d5f5a
67636262
6d6e6f67
7e72756e
9e9c8d87
a2a3a29f
bcac9f9f
bfc3c2c2
4db2d4c2
5252544c
61585555
6c6c6b67
4e616e6f
6e675549
63636268
67666564
6d696766
3c3e4c6d
3f413e3b
423e3d3e
58463f41
78754b4a
49475463
5b514949
706f6c68
4f59646d
4d4a4748
56524f50
55525252
57565455
5a5a5858
5551525a
6061605b
67605e61
6d6e7069
7b737470
98968b83
9895a59e
babfbfb0
bcbbbdbd
95d2c5b9
54514d43
5d555255
6c6c6e68
51656e71
6a5e473f
6766666d
66656566
706a6764
38393956
4141433f
3e403f3e
55574b41
73777352
4a474a55
5d514746
706e6f69
4e58626c
514d4646
52535250
53525151
5a565654
59595759
59555155
5d5e5d5b
6662605d
6e6d706c
78777574
98958980
b7a18e94
b6bcbec1
bbb8bdba
d0cdc4be
524f3e7b
5c545254
6b6f7168
576b716f
61503b3e
67656b6c
68686566
5f706964
3d3e4742
40424242
3f404340
5e5c5544
70747c73
4b4b464c
5c4e4748
71716e65
4c5a656c
51504b46
504e4f51
534f5250
57545755
575d5b5b
5c5b5651
5c5a5b5f
676a645f
73736e6e
75727077
84908c7c
b4bcb18f
b5bcbfb6
c2bbb7b1
d0c6c2c1
493c5dc0
5d544e4d
6d716f67
576a7171
5b4e3c3b
666a6d65
68686564
476d6c66
3f3f413b
3c3d4040
42414042
73645946
7a72777d
4c4a4949
5b4f474a
74736c64
505c696f
504e4746
4f4f5152
53505150
58555855
585d5f5a
5b585859
605f5a5c
6a696663
70716d6d
76727172
957a8482
bab4b8af
b1b2b6b5
b6b6b6b8
c2bfc0b9
4084c4ca
5b4f4a44
6f706e66
52677370
4f433f3c
636a695e
69686564
3a556d6a
45443b39
403b3e41
46433f42
7c73574e
7e7a767b
4b4b4a4c
5c4e4a4d
78747067
515c6872
4e494347
4f505050
524e5051
59585756
51565d59
57575855
615d5d5a
736b6a69
6f727073
71736d6d
b29f7d75
b2acadaa
b4b3b3b3
bcbdb8b4
bec0bebe
8ad0c5c2
5a4c453b
6f717067
52667570
3f353a3f
67696355
6a666363
393d626f
43413e3c
433f3f42
48444240
797b6c51
7f817d77
4b4d4c4a
5c544d4b
74747168
525e686f
4d4c464a
4e52514e
534e4e4e
54585856
524c6361
56565853
61605a59
71736e67
7075736c
6d6a6d6f
aea6988a
a7a9a9a7
b9b9b0a9
bcbab9b8
bbbcbabd
c8c6c3c0
564a3861
706e6d63
55677172
35393a40
62625844
6d635b5a
3d3a486d
41403e3e
3f443f42
4943423f
757a7f66
8081807a
4b4d4b4a
5e524a4b
71706e69
53616e74
4c4b4a4b
51534e4f
5353514f
53575756
564b5b74
57555657
65625c5b
6b6e7169
6c72716c
8b745f69
a09ba8a1
aba6a3a8
bcb5b1af
bbb8bab8
bcbcbab8
d2c8c5bb
55434ab0
716e6b62
56667274
353a3c43
77514138
6a686985
3f3d3b56
44404040
42424140
5c394144
78747d7f
7e7d7e7f
4b4c4b4e
604f474a
71726e68
575f6d74
4d49484c
52524d4b
52555a53
5f515754
54555682
54555754
67615e5b
696e6c6d
656a706d
a4967663
9ea69e97
b3aaa098
b8b2afb3
b7b8b8bb
c2bdb7b8
cbc3c2bb
583b7ed7
6f6b6c65
57687370
393b3c45
bea54d2b
8ebbb4bb
41413f3f
47444243
44404144
79503d3f
8079767c
7a7c7f7d
494a4b4e
5d4c4548
7371716a
545d6973
4b4a4647
4f4d4d4e
53535252
734c5354
5352517c
59575757
68665f5d
68686a6d
655a646c
9e989982
a19c9394
aea9a1a1
b2b0aeae
bbb6b4b4
bfb9bbba
c3bfc0c0
4f43b0d4
6c6b6d64
5467726d
2f393c43
afb6b962
c4d2cdc1
43423e57
42444542
45414242
8272413f
81807979
7a7c7e7e
4d4b4b4d
5b4d474b
71727166
4e5d6b71
4c474345
4e4e4d4d
4f53514f
84525553
53535273
59565954
6165655e
68686261
86665960
9187969a
9793979b
a9a6a4a3
a8a8b0b0
bbb8b8b0
b7b2b3b6
c1bfbebe
427bd5cb
6d6f7361
5166706e
7f35333e
c8afa4be
d8c9c8c8
42423981
3f404143
4342403f
7b816242
7e7f8079
7a7c7f7e
4d4b4c4f
5a4e484c
73726f63
4e5e6971
4e474445
4c4e4e4e
524f4e4c
8c5b5852
54534d6a
5c555254
61626561
61616666
968c6854
91928a8d
98999895
a6a3aaa7
b4aba4a6
b4aab1af
bdbbb5b5
c0c0bdbd
55bcccc2
6c707155
4b636e6d
bc9c402f
bec8b499
d3bebbbd
41423b94
3c3c3f40
4344413d
777f7f4f
7b7b7f7e
7a7b7d7c
4c4f4c4c
5a4f4c4c
74736f64
515f6a6e
4e494546
4d4f4e4e
5250514c
90605053
54504f64
5e5b5752
6362605f
57636c6b
848a8666
998d8a8c
a59b959c
9ba6a29e
b3a8a59a
adafaeb1
b2aeb4b5
bbbab6b2
aeccc0bf
68675f64
3d536669
a1b3b067
b7bbc3bd
d2c4b9b6
47463a91
3d3a393e
3f3b3f40
7d7b856c
7c7b7e80
7c7b7c7d
4d4d4d4f
5a4c484a
73737368
4f626c71
4d494545
504f4d4e
51524d4b
8f6f4f53
514d5056
58555955
64655f5b
695a6263
7e7b7d82
94918d8a
9a97a19c
9a939ca2
a7a1a79d
b3b2aeaf
af94a4b7
bab9bab9
cfc1b7b8
65625fb1
97665863
c2a9a8bc
b5b7b7c0
d2c8bfb8
43433985
403b3d44
55333e41
807d8182
7b7b7d80
7b7b7b7c
4e4d4e51
584c4b4e
72716d65
50626c71
4c494442
4d4d4f4f
4f4e4a4b
837a4c51
52525655
5a534f51
5e60635a
7e695b5e
7b7a787b
97988e7f
9e9d9195
a0939496
a29f9c9e
b8b4aea3
aea899a5
b6b5b4b3
bab3b6b8
5b5c83c4
acb69366
b9c2b4a1
b7b6b6b6
ccc8c4bd
3f453c6f
3d3a3d41
73433d3e
7e7e7b83
7c7b7d7e
797a7c7d
4f4d4c50
594b484d
74706d6b
4f607078
4d4d4543
4d4d4d4e
4f4e4c4c
7c834c4f
5653555a
56555454
605d5e5b
7178745e
7e767a74
91958b89
9499948c
96989887
9999999b
9d97a5a0
a8a2a19e
aab0b5af
adacb6b0
825fa2b8
a6a1b1a7
b6b6bcbb
b8b9b7b5
c2cbc2bb
4348435e
3f3c3a3f
81634842
80807b7b
7c7b7e80
7a7a7c7c
4d4d4e4f
584c494b
74727067
4e607279
484b4444
4a4c4e4c
4f4e4e4c
7890504b
54505561
5a585554
5c625f5b
6e77796f
84786e71
9184868a
8a83939c
96979194
a89b9291
9f989aa5
b0a8a2a9
a6a5a8b0
a8a9aaaa
afa1b1aa
bab4a2a4
b4b3b6b8
b1b9bab8
b8cdc2b9
43413f4b
433d3b42
7e7a5b4c
7f80817b
7d7e7f81
7c7a797a
4c4e4f52
584e4a4b
75727066
4f5f6f73
4a464143
4c4d4c4b
4e4c4b4c
73945849
52555a63
55545354
695d615e
7173717b
7e7c766b
95968079
8f8c888c
9292928f
9d949296
9c9ca19e
a9abafa1
a89a9ca5
9999a0a7
a39ea4ab
afb8bcb2
b5b0b4b4
a1acbab8
9bc9bfbb
413e3c39
413f3c40
7a80734a
807f827d
7f80807f
7b7d7e7e
4d4f4f4e
574c4b4c
75736d65
535f7078
494a4645
4c4b4c4b
4e4d4a4a
71935b49
52596069
5c575450
716d575a
686e7272
727f7b75
8c908077
88968e80
91969287
8e8c918e
a49a9696
9caaa69c
9a9ba6a1
a69b909e
b8aea09f
b3b1b3b6
b8b5b4b5
8e8bb2bb
70c2aeac
443f3e38
42423a42
7d7d7f54
80808082
7d7e7e81
7a7c7c7c
4c4e4d4b
5d4f4b4a
75766e68
52606f77
4d4c4647
4b4c4f4e
4d4c4b4a
6e8e5e49
585c636a
57524d50
69716854
73636f73
7d797679
7d7c7b81
8d8a9190
8b8b898e
878b8889
9b949491
9a999da7
889aa699
9d9d9d95
aeb3b6ac
b3b0acaa
bab7b4b4
928493bc
48aa9e7c
3d3f4640
5b433a3a
81797e73
80808183
7e7e7e82
7c7a7e7d
4b4b4b4c
5e524c4a
74767167
50606d76
4f4b4647
4c4b4d50
4b4c4b4c
6c866047
5c606269
53515251
6e66706a
7170666a
79737174
887a7c81
898f8485
8a878686
8c8a8782
9092968f
98959997
99939393
b3a29597
ababafb7
b5b3afab
bfbab7b6
7a9183a7
3590a982
3941433c
6a4f3e3e
827c7a7f
7f7f8381
7d7f7f7f
7d7c7d7d
4b4a4d4f
5a534b4a
75747067
56647073
4d4b4749
4a4b4c4d
4c4a4b4c
72876543
5d5f656c
66525255
666d6a70
73747264
7d726e6e
81877974
8c898a85
8287878f
8b898883
91918d8b
8d938d8a
9398908b
a3aaa896
aeaca7a1
b8b7b3ae
babeb9b7
83888c8b
396bb285
43423e42
79584541
82807980
7c7e807e
7b7d7e7f
7b7d7c7b
4c4d4f4d
5b514d4b
75737168
56666d72
4f4b4244
4b4b4c4e
4b4a4a4c
79916941
61616a73
6b5d4a58
66677067
6f726e70
727d6f6e
7f808573
90978f85
876e7484
87898387
8c86878b
8b848c90
a3959597
9f9fa8ac
afadaea6
b9b9b7b4
a6c3bbb8
5f687c89
3d42b490
48444445
7f654945
7f807b7b
7c7c7e7e
7a7c7d7e
7a7d7d7a
4f4f4e4f
5a514d4d
74737165
4f656f71
4e4a4242
4b4a4c4e
484a4b4b
80986740
62636671
6561585b
6f62666c
656a6c6f
776e786f
81747882
716b6c72
857e8a8e
928b8185
758f8e87
938a8b7b
abb0998b
aba9a7a7
b4b4b4af
b6b7b9b6
8ab9c5b9
764b4d69
3b2f80c2
413e3d3e
7d765446
80817f7b
7f7d7d7e
7b7b7c7e
7a7b7d7c
50514f4f
5b524c50
74737166
51626f75
4b474244
4c4d4e4d
46484b4c
829b673e
60596879
635d575a
6a6d6262
6a656a6c
78706c6f
76817c7d
7158606e
909f9da3
74787686
50575a67
87909a4e
a8aaa99f
acabadab
b3b5b4b0
c1bab7b4
51739fbb
ac6b4c44
3f3a3ead
423c3a3c
7a806345
8082837d
807e7e7e
7a7c7e7f
787b7b7d
4f50524f
5b504d4f
76727065
52646f75
4e494345
4e4c4d4e
484a4c4b
84955841
54506785
5f5f585b
696d6d5b
706d6667
75766c6b
727a7e73
7b777e71
60809285
60687d67
55403f48
b2978a83
a9a9a9ad
ada9aaaa
adb3b1b0
8eb5beb4
454a4c64
ab9b6c51
40403960
3e403f41
7a7e7447
81828582
83808081
7d7e7e7f
787a7b7d
4a4f5251
5a4e4e4e
72737067
53637173
4d484444
4e4b4b4c
484a4c4d
8c914a43
64536c87
5a5e6069
6a6f6d64
6b716763
72707368
82807979
545a6774
7e809072
6d5c6a84
8b563a47
a5a5967a
a5a6a9ac
aca8a9a9
b8b3b0af
475999ba
66584944
4497a17e
3d403f36
42423e3f
7f7a7d5b
83818286
81818183
7c7e8182
7c7d7d7c
4c4f5355
5a504d4d
71727268
51626f71
4a484446
4e4a4a4b
484a4b4b
8e824248
6c576c84
6359666f
686a6d69
686c6d67
7a6d6d71
716b7279
66484d66
73527d94
6b56777b
73896239
a195a08f
a1a1a6a9
ada9a8a7
98b7b7b0
51547a7d
7d79685b
384f9d93
3c404240
4f4c423a
81797d70
83838385
84828082
7b7e8182
7c7e7e7d
51535457
5e4f4b4d
72737167
53627072
4b474446
4b4c4d4c
4b494c4c
9667404b
68697b80
6c605b69
6b63646c
726a6769
7174756b
586a5c61
894d474a
7d60467a
7149526f
a2737b6b
a39e9ba4
9f9ea09f
b0aaa6a5
606e9cb8
6f7d8a6e
8a7c7b79
40344c9b
3e3f4242
58433f3b
827a7a7b
82838383
83828284
807e8082
7c7d7e7e
50535255
5b4e494c
73746f67
55626f72
4c4b4545
4d4c4b4d
4a4a4b4b
9752464e
73797e89
6c69565c
68656167
716f656a
596c6e66
4953695f
726c3b4d
888b5e45
8b5a5d5c
a7a07570
9ca29d9c
a49a9899
a8aaa5a6
7f584d72
7a8b8473
99937876
3e3d3552
3a3e4140
6846413e
827e787e
81828282
82828283
807e8182
7c7e7f80
50535653
584d4a4c
76747067
55667073
4b4a4444
4a4a4a4c
4c4b4a49
79434c4c
7c767f9e
666a6256
6567695f
6e6c6c66
645e5760
704d586d
48704a3f
66675f46
86767670
a4a9a677
9da09da3
a59a9a93
78a3a3ab
74665740
79877982
4181947c
403c3a33
3a3e4144
7351433c
82817878
82828282
82828182
807f8382
7d7e7e80
51545656
574a484c
76777469
54646f74
4b474445
4b4c4f4d
4e4d4c4c
4b494d4e
77828c93
676d615c
7c7b6f66
69757b7f
6f636064
73663d4e
48605836
64654c50
817c8d85
a4a8a6aa
989f9c9e
a6a2a295
8faaa2a2
6b6f5c57
8b847c83
383b6c8f
3e3d3d3c
3b3c3e42
755f4a41
83857e71
82818181
83818283
80818484
7d7e8081
4f515655
5949484e
77767469
54657075
4a464245
4b4b4d4d
4f4f4d4c
444e5250
76849e71
655d5d5d
786c7070
5c7c7e7f
6873615b
6366454a
4c40534d
6e695d5c
a2929281
99a49d9a
98969a98
a8a5a099
a2afaaa4
6a644c6c
878b8b68
3f3e3457
40413f3b
3d3b3a3f
736b5041
84878472
82828282
82838281
80808381
7d7c7f80
4e515455
584b484d
77757266
54687278
4b474243
4c4e4c4c
4f4d4c4c
474f5552
768fa767
6762675e
6b686968
5c626867
62674e54
79595158
403d3666
6b503741
9497956e
9299a19b
98979a97
abaa9e98
a6acadaa
56464c7f
7a917a5d
3d3c3b47
44423f40
3d383a40
6e755c44
83838475
82808283
84828380
7f7f8284
7d7d7d7f
50555557
5a4d464a
78767468
54687378
4f4b4446
5051504f
514f4c4d
49515654
5a94a466
63676553
6b6a6f63
5d4f425f
645a4241
6b545368
3e444e8f
6670413a
9a97a68d
8c8fa1a8
8f8fa297
aeaaa59a
a9adadab
4044528a
81906b54
3b3d3e48
4645433e
3d3a3b3e
6f766a47
81817f7c
7f808181
827f8181
81818383
7c7b7f80
51545655
5b4c494e
7776776a
586a7478
4f484147
504e4e4e
4f50504d
4c535655
4d87a259
63605951
67626266
435d405e
614a423e
475d5b5f
364e6f8c
896f6c3a
9ea2a292
908e98a6
90868fa0
aea8a69e
b3b5b0ac
3c435e99
8a975e48
3e3e3d42
4347413e
403b383a
77717454
807e7a7e
7e808382
83818081
80818280
7b7a7c7f
4f535452
5c4d4b4e
7976746a
5c697278
4b46424a
51535151
5c4d5150
5052535f
4d87944d
695f585c
4c5a5f68
3b654f48
4a424a4c
5d715754
3730566c
94866c63
a5a5a088
979697a0
978a7e84
aeaca8a0
b7b7b5ae
3d4370a7
92864d3d
413f3f4a
40484543
403f3d3a
7e6f7861
7e7d7c80
7d7e7e7d
84808080
7e818283
7d7e7c7c
4e505352
584b4a4f
78777568
5b677676
504b4950
50535353
5b504f4e
56565655
4f936f50
68605c54
49515f6d
435f483e
4848494e
777a504b
5e2d7774
9896826c
ae919f9b
7e9192a3
9f8f877b
afaba9a5
b8b8b6ae
3c4780af
947b4637
41434451
3e474845
473e3c3b
82737470
7e7c7d81
7b7c7c7c
827e7e7c
7c808284
797a7d7c
4e515252
584c484b
78777868
5c6b7478
51514e4e
51505151
58505151
59585658
577a5855
756d6255
67504659
4d614140
4e464d50
59604953
69567a4f
a48c8a77
ac9a95a4
817f8892
9a8f8c8b
afaba8a5
bab8b4af
3f528fb7
946a413f
45443e54
3f444445
573c3f3d
827b717a
817f8181
7b7d7f7f
7f7b7b7d
7d7c8080
76797d7a
4c515150
5a4b494d
79797a6c
586b7277
514e4949
53535253
54535252
53545556
56525753
758a7f5e
6849564b
64444650
54433f61
66525056
6e74602c
a68f7c88
9aa596a7
88858384
97928e8f
a8a9a9a2
b9b5b1ad
455d9eb9
935d3e40
44443f5b
3d414948
6e443d3f
817e7074
817f8181
7d7f8383
7c7b7c7f
7b797a7e
787a7c7c
494f4f50
5e4d4a4c
797a7970
5467747a
524c474a
51555352
51515050
55555553
65585d62
566a8876
7b416759
6c614647
51473d47
5758664f
8d676143
a88b8686
7089a9a9
918e8b7f
92909391
a5a6a399
b6afacaa
4267a6b7
94503d3b
484d4468
413f4849
76533e40
7f7f7472
7f7d8181
7f838683
7b7c7d7e
7a7c7c7c
7a767c7b
4d4f4f50
5c4c4a4d
7b7c766d
566a7479
504e4b4b
52545452
53505051
78525755
69363d6d
4d4f5d9f
7d585178
464d4637
534a433e
41576854
8886635d
b18e8597
554e7db3
846c5e5b
8d909696
9fa39e90
b5ada6a1
3b5585a9
8c4c3c38
494c4274
403e454c
78604242
7d7e7971
7c7b7d7d
7e81817f
7d7f7d7d
7a7f8280
75797b7b
4f515252
5a4c4c4d
7b79766d
5769787c
4f4f4d4a
51515353
54504e50
6d615955
7d3d365e
604b506d
78764b70
55534f39
613c3e4d
4f465e6f
9b887f69
b0a7809e
7a7b6679
44405170
8b8d8462
9ea19a8d
7b959f9f
41515863
81443f38
49494584
3f3f4047
776a4444
7c7c7d73
7c7a7d7d
7d80807e
7e7c7c7c
7e838583
777b7d7d
50555451
5a4a484b
7879766a
596b7a7a
514d4b4a
4d505254
4c4e4c4d
69776453
7062656d
7e4e4756
675e6f62
5545524f
3e383068
643b4f5d
ae8d8e7a
61a99991
595b5d50
4f5a5a6e
83805f49
a0a29988
53688c9e
43535753
7c423e41
4a464685
403f3f47
72755042
7c7d7d73
7a7a7a7b
787b7c7a
7e7c7a79
80848480
7b7c7f82
4e525252
5947464c
7877746a
5a6d7978
4d484449
4b4c4f4f
6949494b
74726a7f
40726f6e
817e6343
554b8266
3e445756
37355d75
70593b37
ada6888c
394f9a9e
34363b40
66473232
7a705f64
a6a69a82
3b4d6698
3f3e3a35
77443b3d
4c464d88
413e3c41
6f7a563c
797c7c77
7879777a
78797a7b
7e7c7a7a
7d82827f
7c7e807f
4b4d4d4d
5546444a
76767567
5866737b
49474248
4a494c4b
9960444b
6e6b5c6c
3f455174
68737178
4e4d8a78
374c6950
3d5f8149
88684734
aeb09189
3a364c9a
51393939
482e4d7d
746a6266
a9b29b80
5a443e5d
3e3e3856
71423a39
4a4a4f8a
413e3c3e
74786140
777a7a7c
7a787979
797b7b7a
7d7c7b78
7c7c7f81
7a7c7c7c
4c4d4f4e
55434448
79797467
55687a7b
4e494346
4b4c4b4b
8a614349
6a68656e
6c474663
5b4e5c5b
4243798b
3a645c3c
4b493e3c
90776046
a6b7a68b
3e393c59
5744494c
4a56b1bf
6e665c55
77bda27d
7c4d473b
3c374091
6d443d3c
4851568c
3f3f3c3c
7874714c
7a7b7a7d
78777778
79797979
7c7b7978
7b7c7f7d
7a7a7879
4e4e4f50
55434249
79797668
54697c7d
4c494447
524f4c4b
794a394c
4771ab86
636c3e3d
755b6254
4342828e
3d624941
3a353d3d
8a8b6a57
6babb69f
3b495e59
8f535e60
5173b7cd
6d635b53
5db0b284
89555b65
35334597
6a4b3d39
44585a92
3c403f3d
7a737553
797c7a7c
78787777
777a7779
7b7a7877
787b7b7b
857d7674
4c4e4e51
5443434a
7b777669
566c7b7f
4d49484b
3c535150
9779663d
59588da2
4c7b7b4d
886f6e5c
4655948a
44423b3c
42373f3d
93908163
5b63a9b6
576f7064
a581725b
67829dad
6b635b5d
67b0c088
a9918177
3c3c3c71
634b4440
43585f98
3c3e3d3d
7f747760
7778787a
79837a78
77787a79
79777776
7976777a
8985827c
4a505452
54414348
7c7b7568
576e7b7f
4f4b454a
42575354
858b9068
81484671
3c657887
7f697464
4a7e989d
3e3f3e3c
54333940
ab8b9165
6f535daf
7476756f
6f665e6c
7a948c6f
6b636661
8abebe83
60707179
3b434241
5e4b463d
4050689c
4a413d3e
7e767271
7a78797a
7a7f787b
76797a7a
76767577
7e7a7978
88868784
4a4f5151
523e4246
7a7a786a
566f7e81
4b494546
7f5b4d50
5d5a7d8e
5448475f
4f88a497
76816b54
4979a08a
403d3d41
6444353e
b49e8c73
72634460
777b7c7c
78717275
7f878b83
66656d68
97c3ba85
6069717e
38445151
5e4a4138
404b6e9e
4f3a3f3d
7c7a6f76
7a797b7b
7876787a
76787b79
74767876
8585827a
85868785
474b4b50
513b3c45
7d7b7869
556b7d81
4d474345
7654494e
6f706c77
7a684d4e
3f6f747d
9b6b6f54
437c817e
453c3d3f
605a3f45
6eb69b8b
7262583b
8689827b
8f878789
798e9192
64646c6d
a4c5b781
6874818f
3c4e5e5e
5946423a
3e4673a0
57393a3c
7c7e7374
7b78797b
78787979
76797a79
76737675
85898a85
85848382
474a4c4c
503c3b44
7c7b7668
576b7b7c
4a474246
97877058
5f92979f
8e7d624f
3c508187
897f7b50
50709d98
443d4145
77615143
3683b09b
6f635a4f
89888077
90928f90
74869391
60636d73
a3cab177
6a728091
3f505f66
5041423f
3c3c789b
663d3b3d
7a7e7472
7b7c7a7a
78787a7c
75787879
82787373
8489898a
88848282
48474f4d
533d3d41
7a7b7569
586d7c7d
5d474145
8e978076
505c606a
947e725c
41425e95
7a6e4b41
6f6a4061
4440404a
8e676444
3e3a9da8
6c5f5b51
8c857c74
91939391
78848e92
61657077
a5ccaa71
6c748388
4152616a
4b444540
373d7f91
6f43393b
7b7f7771
7c7d7a7c
79787b7b
76787978
867e7574
83868687
968e8683
4444484a
503f3f43
7c7b7569
596d7d7e
584a4446
69665a56
5960747c
958f6680
443f5264
48494545
7c643b3c
393d384f
a47c674d
473756a6
675f5c55
887f7570
8e94968f
757b858b
61626e73
a9d0a370
70788588
3e4d5f69
4544453e
3741838b
6f4a3740
777c7e71
797a7b7c
777a7a7a
747a7a78
84837971
84838282
a09a9088
46454749
503b3e43
7a7a766d
586c797b
50554647
9877584a
7f73747f
97785365
47474c63
4c494242
6c623d3b
38384170
b8975f56
4442397c
65625b53
7e77756e
8d909089
6e767f87
5f5c686d
afcc9672
727a8183
3e4b5f69
3e41443c
37508889
6d583c42
7a798677
78797b7a
75797a79
71767878
82838072
8b84817f
9f9d9d96
4b4c4b4a
523c3e46
797b756b
5969747c
5c774547
56899670
5a798f75
a387726c
46534e79
4e453d3c
5d844b3c
4632625f
a1b96f60
41403d3b
63605b50
7f7b756c
8a8a8b83
68747e86
5b5b6567
b9c5926b
71787d82
3f465c67
3b424642
385c897f
6d644140
79787b78
7a7a7a7a
77787979
6f747776
7d808277
978c807d
9c9aa2a1
4a4d4b4a
513b3d44
797d7869
58697579
83614043
5c68888d
616b768d
9e978687
42485388
52503f37
7f836a48
552e4a41
50b49861
3e434131
62605b4d
7b78726a
8483807d
65727d83
585b6263
c6bc8766
71767c84
40445567
37404743
35608f78
6e6d493c
74777879
7a7a7a77
77787a7a
74727675
7f7f837d
9d9a8b82
9f9ea1a1
494b4a4c
4b363a40
7c7c7967
5567787a
714a3d44
646e877d
75707e75
a3847984
463c527a
515a4042
59505a6a
57413639
3170a66b
3d4a4238
615e574b
76746f68
80807c78
5e6f7980
5960665b
cfb58067
6c777882
403f5464
333d4543
396a906c
6f6e563b
7479797a
777a7776
78777979
7b717275
827e8184
9a9f9989
a5a4a29c
43494b4d
4c35383e
7c7c7766
566b7a7c
69795847
65607264
6a677f81
9a896181
4d4a657b
5a533a40
3850624a
70834935
344f8f7b
3c4d4636
615e594d
75716d65
7d7b7b76
556e777f
656e6d5e
c5ac7a5e
6874727d
403c4d60
323e4742
3e739461
726d623a
76787b7b
79787577
7878777b
80746f74
857f7f83
979b9d94
a7a6a49b
4347494c
533a3b3f
7d7c7769
5d6d7a7c
4c545d5d
6a5e7963
834c7c90
9a865c7c
4451778d
47453845
37376b56
9c9e6830
352f5e9c
3e544438
5f5a554b
73706c64
7d7b7777
5d6f787b
5347505e
a4976254
68727577
44414158
353d4341
42759357
786b6a3f
77797a7d
797a7977
77757679
81797175
8e827f81
a09f9b97
a6a8a8a2
43454648
5f413e40
7d7e7770
5f6d7d7d
4d48404d
6e5f7164
925b6379
96816b6f
3c507fa0
49374751
413e5083
9f857344
3a3d2d75
415a4738
5d58524c
72706b63
7a7a7774
68727a7c
4f535359
928f5d4d
676f757b
4244414d
353c4443
497b8c4a
7a6c6e4b
7779797b
79797b79
76737478
80797274
998b817f
a6a1a09c
a5a5a6a7
43414447
684c4441
7a797875
5a6f7d7e
4e4a4547
674f6f63
6582505f
8b887470
3162a39a
4f36685b
775b4760
9378527d
404d3b39
435f4a34
5c585650
706c6761
7a797572
74797b7d
6b66646d
89a4a476
606e767c
45454344
383d4a49
4e7b8642
796d6f55
78787979
787a7a78
75767777
807d7170
9d95867f
a59e9f9f
aca3a2a6
44464546
6c55403f
7a767978
5e707d7e
4d4d464a
61538469
4c628a6f
90887567
4e8ca087
494a605c
9f867e52
569e5d61
44434744
4a644b3f
5b5b5c54
6c6a6962
7c7a7671
787a7d7e
9c7a6d74
89a6aa8d
566d7479
49454545
4041484a
537d7c3e
796f6b60
7879797a
787a7977
74757878
7e7d7270
9c9a8e80
a19f9a9a
afaaa6a6
40414142
70563f3c
78777877
5b6f7c7e
59464248
6c587484
534f5c8d
826d655e
6a99977a
433d4e6f
82a79076
33627841
433d3a40
4f64433b
5c5b5850
6b6b6760
77736d6c
75767a76
b38c7376
85a5aa94
46687478
48444344
393f4348
5b7e7237
79726464
79787b7b
78777979
71737777
7d7b736e
999c9786
a29d9c9a
b0aca8ab
403f4143
6f53413f
7a777778
5c707b7e
7c4c4046
805f6c68
63624676
745f645e
8b9e826a
6957344e
4d9d9b6d
43377162
453c3a40
535d3c3b
5c5c574c
696b6761
736e6968
75737272
b8957e7b
87a9b1a7
3f5d7773
49444346
3b3f434a
607d6d38
78766862
7976787a
77787b7a
70717678
827c726d
99989a90
a79c9c9f
b0acaaae
43403d42
70513f3f
7d7b7a7a
5b707e7f
676e4148
714f7453
5d5b4e6e
696e7b6e
a77f6274
a77d4e64
515ba5a9
493b4280
473e3a3d
4d573c3d
5a595346
6a66625b
5e656966
6d6e6d67
7c6e6f6f
6e7f808f
404a736d
48424446
3a434749
60816733
78776861
76797779
79787a79
7172737a
897f746c
9b9a9e9a
aaa49f9f
acacadae
3f3e3d3e
7053403c
7f7e7c7a
59717c7e
49756342
5c4f747c
535f5a57
79859871
7a847f6b
b8898a7a
82456ec1
3d3d375d
453c383c
4c533a3e
5a594f44
6a625c56
444e666a
4e504c45
4f444146
57554b54
423f6273
47444042
403c4645
68825c36
79796c64
78787877
79797a7a
71757477
9582736b
9c9e9fa2
aba6a19d
aeaeaeae
3f403f40
705d4a3e
7d7d7977
5c6e7c7e
63487f69
4f56688b
625f5446
8d7ba577
6a7e7782
b75b6f77
7c764aa1
3c3b403c
423f3b3c
4b4f3e42
55544d45
68625e57
5a636c71
62535153
917f796b
71717d99
4241456c
44444041
473f4747
6e83533b
78787067
7a797978
787a7979
70747777
9d8c766a
9e9f9fa1
ada7a5a1
a9abadad
3e3e3f42
6e584c3d
7b7b7976
8a837c7e
834a487d
7164626d
626d4f3f
7b61aa83
865d7a8e
a25f77a5
487d6860
3a3b4245
413e3b3b
48483f43
54504b44
645d5a56
606b6e6b
625d5a5b
9a96927b
76787c9c
3f423c53
443c3b3a
4840494a
7188533d
78787269
7879787a
78777879
70757678
a2947a6b
a5a19f9f
aaaca9a6
9a9fa1a6
3b3b3a40
6753483b
7d7e7874
7a88837c
7c723f48
6d765665
6a6e643b
7a83a298
8f958d6f
997b8ba0
47508568
41424647
43414141
474b4246
4e4e4742
635d5854
666b6c67
565b5960
69716b5d
6476786f
40414042
433c3d3f
4741494a
7487533f
7778756d
78787a79
79787a79
6f73767a
a59d7f6b
aba4a1a0
9ba6a9ab
96949698
393b3c3f
604f4c3d
7d7d7870
5a757e7c
64824a45
5e7c4b63
5c596a3f
a28e94b3
82a97d72
93918981
49465980
41414346
42444543
4a474142
4a484244
5f5b564f
6c6c6c67
5e5f6267
68605b5a
456d787a
413f3f40
473a3e44
433f494b
7587503f
7978776f
7b7b7c7b
787a7c7b
6c727778
a8a58166
aea9a3a2
9699a1ab
a2a19e99
383c3e41
61555543
7b7d766b
5f757f7e
6b7d4848
4c69595e
5a566345
a890a0ac
7e8c8191
a69c8b74
4349425e
41404141
41424240
443d3f40
47404042
5f5c534d
6c6c6a67
746d6e6c
7e7a817e
3d58787c
44424043
4a3a3d44
4541474c
78864b40
7b7a776e
7c7c7d7e
7b7d7c7e
6d74797a
a8a88468
a5a9a7a4
a3a19fa4
9fa1a1a0
3f3f3c3b
61545346
7c7d756a
5c747f7e
72654349
4864655d
5c4e6648
a4918a8f
8579859c
8d8a7276
44474841
403e4343
3e3d3d3e
403c3f3d
3d393e3e
5f534c46
716d6964
817f7c73
82848a8a
3e45767d
45454242
4f3b3f41
46444c4f
7b884c43
7d7a7a71
7d7e7e7f
7d7d7b7c
6e747879
a8aa906c
a2a2a2a2
a2a2a4a5
989b9b9e
413f3f3c
5e525146
787b7969
5b707b7b
64594548
4b6d5b51
5f4d604d
905b7194
9491a4ab
6068698b
4345484c
413e4444
3d3e3f40
403f3d3e
343e413f
5c493f39
766e6a65
888d7f78
8a908989
443c687e
43474847
513b3f3c
43444e53
7e894b44
7c7d7b76
7e7f7e7d
7a7c7c7d
6d737778
a4ad9871
a7a49e9a
96999fa7
8e999997
403f4140
61574b43
7c7c776b
5c727d7d
545e3d49
4e675f45
504b5a55
7957899d
9dafa08f
4b617ea2
4647494a
41404344
3e404342
41403f3f
3d454243
48403937
6b675d50
89807972
8285858c
4b3f5779
46494e4e
533f3f41
49474b51
7d844d47
7b7a7575
7e80817f
7b7d7c7d
6b747778
a2ae9974
a6a19e99
96969ba2
4e62788f
3e3c3f3e
5c524a3f
7b7c786e
59717d7c
70876e3e
4e555d4b
48484e54
6972a992
a0899187
89a0a2b4
47494745
413e4747
3f404041
4442403e
43434245
4744403d
66635850
837d7c6e
7b808389
483d4d6e
494b4e50
55413f43
4c4d4e57
78855545
726c6167
7d7e7c78
7b7d7f7f
6b727679
9da6a07c
9c9d9d9b
738a9498
3a363f59
3a3d4141
5848433a
797d796c
566c7e7b
705b9680
525b5647
48484c52
5c90a98b
9499805d
9868a4a5
45424899
433d4746
3d404040
40423f3e
433b3c40
67635848
706b6f6b
7d7f7c73
8f878580
5e79949b
45484749
52404141
4c4e5256
6e825745
625d595b
72706b66
7b7a7c78
696f737a
949aa486
93979b99
44718990
413d3b37
3e404545
5542403c
7c7c7767
8e70777c
625a4682
4d61533d
4a5a5f4f
7f999c75
7aaa9b62
6873998a
454995a6
49424649
41414345
43414240
453e3f41
61645e51
6c686461
7475746f
8a7f7474
abaca89c
4045658d
57474445
4d4e5257
697f5e4c
5f606665
625f5f5e
72706a65
6e707374
8f919c89
8d989b98
3b507d8c
4a47413f
4143546b
46393c40
7a7b765f
7a918879
4f7a5842
5458443d
596f5c45
7f97784e
7882a98b
9f819387
3c7b7a87
48424647
413f4042
44414040
463c4142
5e5d5d52
6a6c6861
6d70726c
8d807470
a8a2a19a
5a90adae
53403936
484b4e54
6b7c5e45
66696d6e
565d6265
5d5c5756
615f635e
928a9384
9299999a
3b394673
4c4a4642
4c617c86
43393e46
7a7b755a
5a78887d
396a8558
72584041
6e7f5332
8a884057
926e8880
8e9e9587
5981578d
453c433f
42404141
43424144
453d4347
5e5a5752
68676563
6e6e6e6b
8e847973
a39c9a98
b2b1a6a4
4e3b3c7e
46484b52
747a6146
71727379
636a6e71
5355575e
4e525d58
9a8c927e
728a959a
48463947
4d4a4a48
6a858c85
43384355
797a785d
666e7979
3f4f7589
8a693b3c
6474816e
70616a57
7e696591
8fb09d96
805c7d65
49424644
45424545
44414449
47404647
605a5756
6e696660
6f6a6a6e
8d857b74
9a989595
aea6a4a0
434394bc
47464751
71786440
7875787a
6e727678
5862656a
504f5b58
9c979984
3f6c9598
4949483a
494a504e
88969184
433a496a
7a7b7960
846b7979
444e5fa3
50504141
5b50626c
8a4a6b70
7e695e5a
b0a89f82
797d7862
4a473e5c
46484644
48464548
433f4a48
5d5c5855
6c696a60
706d696c
88827e78
9593928e
aba49f9a
4697bdb0
48474347
74796542
7978797a
74777879
66706f70
5d4e5659
9d9b9b90
3a548392
4d4a4f49
4f4d5153
97978672
42395d88
7b7c755f
806c7a7b
3f3f6a91
48564845
4f5c4749
774d4a41
7a665967
9bab8981
6f937392
4d494073
47474647
4945484a
4045554c
605b5b59
6b6a6967
726d6a6a
847f7c77
8f8e8a88
a8a19b94
8bc2b6b2
46413b38
76716842
75767878
77787877
6c737275
6c4d5660
9d9b9a99
46476b8e
534f4e4f
534e5359
a093764b
423c6c93
7e7f7761
786d7d7c
3e3d4a82
464e4b3c
56784e42
4e5d5444
69665c79
9d938c7f
835f80af
453b4084
43404042
3f3c4448
3b435848
63605955
68696a62
706d6d68
7e7c7973
8d8c8785
a69c9893
c5bcb5ae
3f3d316e
756c6b3f
76757574
77787775
6f737576
7751545f
999a9da0
50485585
5b575051
5c545055
a4915a37
3d417b99
7c7e7963
656e7c7d
403c5b7d
47455642
4f7b5442
5b633e4a
80766f62
99898071
773e8fb2
423849a2
433d3f41
3b40464b
39435749
635e5754
69686365
726f6b68
7d7b7773
8e8b8682
a59d9692
c4b9b3ad
3b3a43af
766c6d3f
75717374
76777675
6a717576
85655c5d
92999d9f
504b4871
55585752
615a514d
a68c4b36
3a3e819f
7a7c765e
5d717e7c
4040576c
4540484a
48825b3e
68493a51
8a755a69
ae846f81
824671ae
423b46ba
42404246
3f404043
3a454c4c
5d5b5751
68656264
6f716966
7c797471
8f8b8881
a79d9692
bfbab4b0
352f77c7
736f713d
75747272
75747676
616b7174
95847968
88979b9f
504f495a
4f555753
615b534c
a4824936
3b3e7da0
7c7c755c
64717d7c
4742587d
4640414a
3a827a3f
4c4c464e
856d584a
a581727f
744090a5
47403aa1
41414349
423c3f47
3c4b514a
5e5e5a51
61646463
6d6d6763
7b77736f
908a8481
a89e9695
bfbab5ae
2f3aa8c8
74716d42
73717375
72717275
65666d72
988b8f81
71929da1
514c4c4d
4f525756
645b5651
a37c3d31
373c7fa0
7b7b735b
606d7b7b
4a454573
3c413e40
3d6e994d
474a4c45
765e4d47
a97b5b8b
94798fa9
463870ac
3f3f4243
463f4742
3f4c5b54
63625752
63626363
6c6c6561
7a77726d
8c87817e
a89e9792
bfb9b4af
285cc2c1
74746a48
73727474
716f7172
7263706f
9991a1a0
59849ba2
514c4848
4e515756
60625c56
a2753b32
354184a1
7b7b735a
646d787c
414e4c60
48413d3d
3f5e7272
3b3f5148
63534a4c
a88d7991
aea3959c
3f3a4764
40424240
4f43413e
42475a5a
625d5654
62606263
6a696565
7b756f6f
8c88817e
a79e9891
beb8b4b0
2984c7bf
7577694d
73747373
71707372
7c5f686e
9f939ca6
4f7294a2
5249494b
544f5356
575d5e5c
a1753a31
354887a2
7c7c735b
6e757e7a
40455779
5c50413e
42675e46
41415149
54604c4e
a0a79357
9c997081
4c5d6d7e
3f404747
51433e3d
43455b5a
605e5854
5f636567
66656260
79746e6b
8a857f7c
a79c9891
bbb7b3af
34a5c5be
77776a4c
72727372
73737371
84616770
a28f8f9f
525e86a0
514d4b4d
574e5054
53565c5d
9e6a3832
354a8da2
7d7d7357
6d6f807f
42424d7a
4845423f
465b5845
4146474c
4b69534a
979d814a
503d5c93
756c5b4c
3f3f5776
5649413d
48475f5e
62605b58
62636566
67645f5d
77746f69
88827b79
a59d948c
bab5b4ae
4fb8bfbe
76736e4c
71727473
71737371
8761676d
a4908c9c
54527399
504c4b50
5c4d4850
5b56585b
99603837
3a4f8fa1
797a7059
716d7a79
41454375
504a423f
494f4f46
3a4b4b43
5a6c5247
928a7873
4b599c8c
413c3b32
3b444e44
594c453d
4f445c62
67645f5b
63676665
64646360
76716e67
83817e7a
a4999088
b8b5b3ac
6ec1bdbe
78797149
72737474
6f737573
755b6a6f
a292848d
53516690
4d4c4b51
5b564d47
5f5a595a
9459373a
3c5890a1
7a7a6f57
736c7b7b
3d454f79
43595645
474c5243
45534a4c
6b5d5f4e
989e965c
739b8465
41423f57
393f3b3f
5b51473e
5543555d
6768635d
6363656a
5f5e6363
73706d66
817e7b76
a2968d86
b6b4aea9
95c1bdbc
76716c52
77767676
72757675
5b606a70
9f967265
4f4f5d85
49504c4d
555a5746
5b5e5a53
9152373a
3c61919f
7a7a6f52
6c727c79
40485875
4143504d
4d4e5448
454d4c53
753e5f56
93695562
b59b5b68
3f3f3a56
393a3c3d
5b544b41
57464b5c
6768665f
63636869
63606161
706e6c6a
7e7b7673
9f918a84
bab4aea6
b2bfbcbc
625a5965
78766f68
73767979
5f686f71
9b9d7358
4e4f5379
464d504c
54585951
4b5b5a55
8d503636
3c6196a2
79786d51
60727b79
3f485a6b
46424243
574c504e
3c453f4a
84534e50
5c3f4c8e
777f6362
3b393d37
3f3a3539
5b534e43
5c4a4356
6667645e
65656a69
63625f62
6f6d6a66
7b7b7572
9b8e8582
b9b3aba2
c2bebdbc
45474278
6a61584e
7677736f
56607172
91a1825c
484b4f68
49444e4b
5657565b
40525c5f
8a463434
3c6b9ca6
7a776b4f
60717b7c
3f4b6467
4e444145
514c4f4d
433e404c
8a6b5545
55567c9e
53647158
3b3c3839
433b373a
5753544b
5d544047
6867645f
62656668
5d5e5f64
6c686662
7a77756e
968a8481
b8b3aca1
c5bebdbb
454b3f8f
4b474545
6e635a51
59626f74
80a39060
43434b58
5844474d
5b555659
3b495c63
88423338
3e789fa5
79776d4f
5c777d7a
41496763
4f4d3e3d
50494f48
46404b50
6e434649
7883ab96
3d36547e
373a3b3f
433d3938
4c56534e
5c5c4938
6567645f
64686665
5d5e6161
6a686260
78746e6d
9289827d
b7afa99e
c3bfbcb9
524f4ba8
41434a4d
493e3e40
67766155
6b96966c
453c414c
5d564747
5d535552
3b415661
8048403c
4280a6a7
78786e50
5c787b79
43435b69
48474743
504c4c45
40474c4b
46474842
84aba86e
3d3e6e77
373d3d39
4a423b38
3a51524e
5f5b553d
64646561
666a6866
5f606062
67655f61
76726e6c
8e887f7a
b3aaa598
c0bebbb9
594e62b8
474e5355
36393c42
63877845
59869576
48433f42
58615245
65565051
3b3d4b60
7e594f4f
4c84a6a2
7a786c4d
5d747c79
453e5e70
463f454b
504d4746
41424c53
4a534241
a5a36e43
3b447a81
38353839
4f443f38
3a3d5154
5e5b594b
6464655f
67696765
5f606166
65616160
75716969
89827d79
b2aaa396
bebdbab7
5b487ec1
51545659
3b3d434b
617d7944
426c8c7f
4244423b
4e5c5f4d
6e604f4d
40444f5b
87695753
548da7a4
7a7a6b4c
60727b7a
4241596d
47414140
50434448
404f514e
514d514c
826b5c5a
403b5593
38373b3c
544a433d
47363a4d
5f5b5955
63626561
66686665
60646268
63646461
716d6967
877e7d79
afa69d8f
babdb9b6
56479ac0
53535759
3e42494f
7d876f47
3b496774
4840423e
4a505e59
686d594c
47445058
8571654c
568ca4a3
7b796c4f
5f757c7c
473f5270
47464745
644d4148
3e5d5a53
5f4e654e
82816557
3e3a5a57
3b37373b
3e474843
51493c36
5d5b5955
6462615e
65656665
64666769
5f5f6366
706a6865
847f7b76
aba2978b
bdbdb8b3
4e55b1bf
54555656
4c4f5057
829a7a4e
3f3f4656
5a474146
4a495562
606b6753
48484555
7c655c40
5a8fa59e
7c79684d
62757c7c
463d4b63
48464a46
674b4152
507b6057
69435c47
a47f5567
393e4963
36353b3c
3f3c3b3c
59554e47
5f5c5b58
63626160
67646664
666a696a
62626366
6f6a6663
857e7a74
a89d938b
c0bdb6af
456bbcbf
59595657
585b575a
5d816f51
46444749
655c4845
4a444b53
60696c5e
4447434b
745c493c
6290a198
7c79654f
697a7f7d
43424550
4f4c4e43
644d425b
6e90624d
4b576d43
91805b76
403e5283
3935383d
5045403c
5a575655
5d57585b
605f605e
68646664
676b6a6b
62626464
6e6a6763
817d7974
a19a938a
beb9b2aa
4389c1bf
5f5a5653
5b625f5e
4e595756
444a4b4b
57645644
59454246
5c6c716b
3f424246
69514542
6c9bab99
7f796453
5c798081
44444c4c
4e4f4f42
684a4760
847f5c43
3c7b6b44
8c606c63
423e5072
40383539
534c4b48
59595657
5d575558
635d5e60
67666264
6a696a6a
63646a69
6c686967
817b7470
9d958d86
bbb5afa6
48a1bfbb
615b564f
565f6664
52535456
484e5454
48555c4f
664d4647
4f626f74
3b3d4042
63474240
7daeb6a3
7d766554
61798080
4246474b
4e4b4d48
7c4d5457
8b766443
4d78476d
69577547
3a3a527e
453a3539
4e4d4c4a
56575754
5a5a5857
605e5c5a
6563615e
6c6d6a68
68686c6a
6d6a6a6b
7f7a736f
9a918e85
b8b3ada3
5ab3bcbb
615b5648
545c6666
55535455
53505457
44465b5d
705d4b45
45546974
3d3a3f3f
63433f3d
87adb4a8
79766656
6c777e7b
4743424e
5b524d4d
73615450
6f726a44
6572428a
555d5e48
2f5a867b
47403b35
51514d4a
55555752
565a5a58
5d5c5d5a
66636562
6a696968
6a6d6a6a
6e6c686c
7e7a7371
9a8e8881
b5b1a99e
74bcbbb9
5e575143
585d5f63
57555353
5b525356
4c52535a
76715c4a
3c465c6b
4a443e3a
58403e3c
84acb4a3
7e766658
5b77817f
4641404c
5953534b
61835655
556a6748
63746f7b
4557563f
4d75655e
4842413c
5353524c
55575853
585a5856
5a5e5f59
6566645f
68696767
6b6b696a
6f6d6b6b
827a7373
958d8881
b2aca59f
95bdbdb8
574f515f
585d5f5e
585c5754
4d4e4e53
51585750
76766652
363d4862
5052483b
798e9799
9da09fa1
999a9b9c
aba6a19b
9ca19f9e
6966605c
6b6b6a6a
746e686b
9e9f9f9e
81848182
84818180
85858582
a2a2a0a2
84858785
81818386
82828482
8a8d9698
82828088
8180837f
7e7e7f81
a8acadac
9891826e
98959d9f
999a9a99
96979594
9a9d9b9b
d9d4c8a0
6c639bd7
b2b19291
7979787a
797c7b7a
7b7b7d7c
9bb1b3b5
9b9f9d9f
999a999b
aaa89f9b
9b9f9f9f
69625c5c
69686768
746d6969
9f9fa0a0
81818081
84818180
84848584
a1a1a0a0
83848485
80818385
817f8383
8a8f9499
827f8185
817e7f7e
7c7e7e80
a8abadac
978e7f6c
97969c9e
999a9998
96979691
999b9a99
d8d4c09b
6967aed8
80999893
7a777879
797b7b7b
7b7d7c7b
93a9b3b6
9a9c9a9c
99999a9b
a9a8a39a
9b9c9c9d
6561595a
66686767
716d6966
9f9e9fa1
817f7f7e
81808082
83848482
a0a1a0a0
80828082
7f808383
817f8182
8c919399
7f7f8282
7d7d7f7f
7e7d7f7e
a9acacac
92877367
989b9f9b
9b9b9c9b
96979390
99989999
d4cda493
638cd2d8
4c59889d
78777778
7a7a7a7b
807c7d7b
8a9facb6
9b9b9b9d
99989a9b
a7a7a5a0
9b9a9b9b
6562595b
67686a69
726e6665
a1a1a0a0
817f7f7d
81808182
85838282
a0a1a2a2
82818381
80818283
827f8180
8e929898
80818180
7f7e7f7f
7f7f7f7e
acacadae
8f7e696b
9c9e9f97
9ea0a09c
9496928a
98979699
d3b89398
71bcdcd7
554f5884
78777878
7b7b7978
86817c7c
8b9ea7ae
9c9b9b9b
9d999a9c
a3a5a5a4
9c9b9c9d
6462585b
68676969
726d6665
a1a1a1a0
82807f7e
81828281
84838382
a0a2a2a2
83838480
7f848483
827f8281
90959999
7e828281
7e7e807f
7f7e8180
acadafb2
8b73666c
a1a19c95
a0a1a29f
95959089
97969999
c99e9198
9ed7d9d7
54524e51
7a7a7a78
7e7c7b7a
5c868380
8b9ea6a7
9d9c9a9a
9f9a9a9d
a0a3a4a5
9c9e9b9a
67615b5b
6668666a
716e6766
a09da0a0
80817f7e
81808180
83818281
9fa09fa0
81818281
817f7f80
7f7e8081
9198999b
7f818181
7e7e7e7f
7f7d7f7e
abaeafaf
846e686d
a2a09b95
a0a09ea0
95938c98
97979799
b08f9696
c9dcd7d2
5551514e
78797875
81807f78
2f5e8a85
8a9ea8a9
9d9d9a9a
a49c9b9d
9ea0a4a6
989b9c9b
65605758
66686768
6f6d6965
a09e9f9f
807f7e7f
807f8080
827f8081
a2a09d9e
7c7e8286
7e7e7c7d
7e7e7e7e
9298989a
7e7f8283
7e7d7e7e
7f7e7c7f
acaeaeaf
8172686b
a0a09b90
9e9e9ea1
93908bb4
9798989a
97919696
dcdad7c6
5a554f59
777a7878
837c7b78
2e325a89
8ba0a7a6
9e9e9d9d
a7a49e9e
9c9ea3a6
989a9c9d
65615858
65686a69
716b6967
a09e9fa0
7e7f7e7e
80807f7e
80808181
a09e9d9e
7a7e8484
7e7c7a78
7d7b7c7c
9596999a
7e7e8283
7d7e7e7e
7f7e7c7c
acadb0b0
8372696d
9f9d9a8e
9e9e9e9f
958b9fc7
999b9a9b
8c949697
dcd7d0aa
58575a63
78787876
87807b79
2d2c285a
8da0a7a8
9f9e9d9d
a7a8a3a0
9c9da3a6
97999c9b
64625a59
64686969
706c6865
9f9e9d9c
7f7f7e7d
807e7e7e
80807f81
9d9d9f9d
7b7e8083
7c797a7a
7b7a7b7e
93989c9a
7e7e8183
7d7d7e7f
7e7e7c7e
abacadaf
80716a6f
9d9b958a
9e9c9d9f
8f90bdce
9b9b9b9b
8f959699
dad6be90
5759676d
7a787572
5b85817b
3132292b
8b9ea6a9
a0a09e9f
a5a6a6a4
9f9da0a5
95979a9a
66605654
66656466
716d6767
9f9d9e9e
7f7d7e7b
7f7c7b7c
7f7d807f
9d9c9f9c
7c7d7d80
7c7b7a7c
7977787a
95989b9c
7e7e8182
7c7d7e80
7d7c7d7c
adacacad
7e706a70
9a98918a
9c9b9d9d
88accdcb
9a9a9b9c
91949598
d9d0a18a
505a6b71
7977716d
2a588580
38342e28
899ea6a9
a19f9fa0
9fa0a5a9
9f9ea09f
94989a9a
67605654
65676565
716a6564
9f9f9e9d
7b7d797b
7f7e7c7c
7f7f7e7e
9d9c9c99
7f7d7e7f
75787a79
71727475
95979897
7c7e7d80
7e7c807d
7e7d7d7e
acababac
7d706c72
98938f89
9a9a9c9a
94c5cdc9
989a9b9a
8f919295
d8bc8c8b
51626c6e
77706d65
2a2a5c84
3439322e
8a9ea7a9
a59f9fa0
97989da7
9ea0a199
989b9c9e
635f5656
66676868
706d6964
9fa09e9e
7c7d7c7b
807f7f7c
80807b7e
9696989b
817c7d81
9a888285
939a9b9e
909399a0
7d7d7d7a
7d80817f
7d7e7e7d
acabaaac
7a6e6b70
93908e87
9a9a9a96
b0cdcbc9
93989798
8d8e8f92
ce9e8a8e
5b686c6c
7c726c65
2d2b2c59
363a3631
8ca0a7a9
a9a19ea1
8f9097a4
a0a0a296
999b9c9e
635e5657
67656868
706f6865
9c9f9f9e
7c7d7b7c
80807f7e
807f7e7f
989fa7ab
938f8e85
aca6a093
b8b7b3b4
99a3acb1
7b7a7273
7d80807f
7c7c7c7d
ababacaa
796e6a6f
908f8f87
99999793
c8cdcac9
93949698
8d8d8e8e
b48d8d8d
656d6865
587c6a86
2d2b2828
36383534
8c9fa6aa
a7a6a09f
87858f9d
a1a2a397
9a9a9fa0
615b5652
67656467
736f6868
9a999d9f
7f7a7c7e
81807e80
7d7c7b7f
b9b2ada9
908d9891
a8a4a597
a8acb4b1
a9aaabac
736e8cb1
7f7d7e7b
7b7b7c7c
a9abaaab
7c6e696f
8f8f9089
98989492
cccbcac4
90909394
8b8b8c8f
93888b8d
6a6d6b60
2b5e7cc0
322f2e28
2e313335
8aa0a6ab
a3aaa49f
88778295
a2a4a49b
989a9e9e
605d524f
62646362
726d6967
9a949199
7c7c7a7b
7c807d7d
8e88817b
b8b3b0b0
95908c8d
a49d9794
afadada7
a6a7a9a8
78a9c6c5
7c7d7b6e
797a7b7a
a7a7a8ab
7a6e686c
8f919089
97949390
cbc8c9b7
8e909191
898a8c8d
858c8c8b
6e6b675b
282892e2
34342e2c
302e3434
8aa2a8ac
9ba6aaa1
8a6b6d8c
a4a5a59c
96989c9b
5c585051
62626063
6f6b6865
97929192
7c7a7b78
7f7c7d7d
848c8e84
b6b4b0af
8d8b8381
a19f9696
b2afa6a4
a3a7a8a9
becac0be
776f6c8f
77777877
a6a6aaaa
7a6b6669
8f939189
95919290
c8cac3aa
8f8f908c
8c8b8e8e
8a8e8e8c
756b5d55
2c1b74e9
3434302d
342e2c34
8ca0a8ab
94a1ada8
8b66547b
a4a5a59d
94969a9b
5c564c4d
63625f5d
6c696665
95929090
7b7b7a7a
967b7a7c
7677776e
b5b4afaf
8988837e
9b9a938e
b7b0aba8
a2a5a7a9
c5c1c1ba
6771a5c6
74747474
a5a6aba7
7b6a6569
9095948a
8e8f8f90
ccc9b2a8
8f908d8b
8d8c8e8e
8e8f8f8c
6a6d5953
2b2729a7
3735352e
30322a2e
89a0a6aa
8a9ba7ab
89694962
a4a5a69c
92949699
5c574b4c
63636463
6d696564
97948e92
7b7a7777
7980797c
7875776b
b5b4afae
82868380
9f958b89
b1aeadaa
a1a4a4a6
c3c3c0bd
7dbfccc0
6f6d645d
a7a8a7a3
7a69656a
9596958c
8a8b8d92
afc6adab
8f908f8e
8e8d8d8d
90908f8e
455c6559
2b2d2733
30353230
2c33342f
85a0aaaa
7693a2aa
886b4d4f
a3a6a69c
93959897
5e574c4a
62636362
6d696463
95969493
7a787676
6b8c8177
75716d73
b3b2b0ae
86848885
98928a8a
b4aca4a0
a3a2a3a2
c3c4c2c0
c6c6c0c3
695c6888
a9a7a29c
7867646a
9999978e
80858e94
5ba4b5ab
8e93908e
8f8d8c8e
9491918f
65436062
332a2c28
292e3334
312f3436
909daaae
5e859ba4
896b5052
a4a6a59c
92959996
60574c4c
63636263
6d696564
96949494
787a7777
6c7d8978
73756d6a
b5b2b0af
8788847e
96948a87
b7b2a79c
a09c9ea0
babfc3c0
d6cbc3bd
5477d9e0
a8a49c90
7b686266
9a9b9890
6e809397
4f6bacae
9092908f
8f8f8e8e
9491908f
a05e4967
342f2a2d
352a2d34
3d2f2f35
9ba5a4af
5070909e
8b6b5353
a6a6a59b
94949699
5e584c4d
63636362
6d6a6664
92939294
77787a78
6b6c7c7e
7575756f
b2b1afb0
8583837c
958a8c84
b7b5a79d
9b9d9c92
c8bdb5b8
d2d6d2cf
53c7e9d5
a79e8b75
79666063
9899978c
63849598
564c78ac
90918f92
8f8f8e8e
9592918f
a4905b5e
33342f2a
36322a32
4b342d2d
9aafabae
53587f96
896b5558
a5a6a59c
93959898
5d594f50
67646261
6d696464
96908e92
7c7a7777
6e6a6c7d
79777473
aaabb2b0
86878780
948b8a86
b4b1a69d
97959586
d0d1cab9
d0ceced0
a3e6d6cf
a395715d
78645e61
9899988a
63879498
544e4889
91909194
908e8e8e
9f93908e
999a8864
34343530
2d352f2a
44453a30
99aeb6b0
59516588
896b5657
a4a5a49a
94959798
5e594d4e
6666635f
6b6b6563
97948f8d
7c797778
706c6a6f
75747772
b6a9a5ab
88878983
92918d8c
b4afa398
9b9381a0
c9cdd0d2
cec9cece
e5dad2cf
9a835567
76645d5f
999a988a
6a8a9597
564f4656
908f9490
8f8f8e8e
889b9090
93959e85
2f353536
2c31382d
50474134
98adbaba
5c585472
88685458
a5a6a399
93979898
615c504d
64626062
6c676663
9696968c
737c7977
71717069
6e707575
babbb1a1
8f8d8a87
8f8a8b91
9eafa698
928996ca
c8cecec8
d1cbc9c6
e0d6d2d2
8d6a4e7c
79615857
989a988b
6c8b9599
584f483f
8f929388
908e8e8e
4f9c9590
9b939994
282e3434
32303339
79544335
9aacb7bd
5b59545a
86685559
a5a6a298
95959a9b
615a4e4e
62626263
6c686765
97959792
6f7b7c78
726d6f72
73737275
bab8bab4
8f8b8687
908a878c
a28fa49d
88a5d0d6
c4c4c8c9
c9c8c8c9
d1d0ceca
7b6b6c81
785e554e
9999988c
6a8b9897
58524643
90948c7c
908e8c8d
28729d92
a29c9097
33283135
35342c35
9277433a
9caeb7bb
5c5a5855
86675659
a6a5a298
9496999a
5e584b51
63636262
6c686565
9c989896
68738176
706e716f
77757372
bbb8b6b5
898a898c
8b8c8386
c8b1918b
aedad7d0
c5c4c5c5
cdccc9c8
d1d0cecd
78736e84
765b4b3c
9899978b
6b899998
52504b47
9291856b
918f8c8e
24368d99
a1a19993
382f2e35
3435322e
908e6a3b
9bb2bab9
5b5c5a55
866b585a
a4a4a197
8f979998
5d584b52
6266625e
6c676361
9ea09998
67628c82
6f6f726b
79757070
b5b6b7b4
898c8d85
7f828384
c5c2b099
d6d2cece
cacac3bd
cccdcbca
cdcfcdcf
77706f83
73583964
9899958a
6d8a9698
4e504f4b
8f8a774e
948e8889
2b24559a
9f9f9e95
2e362d33
3132352e
8790935d
9cb1babb
5b5b5b5a
86695559
a2a3a198
89959a9c
5c574e50
65646160
6d696563
969e9e97
6b5e87a1
716e6d6c
7b7a7674
b4b3b4b5
858b8a84
a17f707f
bdb8c0be
d8cececb
ccc9c5c0
cdc9cac9
cccccaca
75757384
704a4ac0
99989589
6c89979a
4e4f5250
94715332
998e8da3
2d2b2974
a09f9f9e
2f33332f
4c243337
8f87958d
9cb1b9bd
58585a5c
86655357
a1a3a197
91919999
5c574d50
6363605d
6b6a6963
9c9b9d9a
676470bb
6d706e6b
807b7675
b8b7b2b1
7b828a86
bdae8270
b6bcb9b8
d4d0ccc6
cac6c1c5
c8c9c8ca
d0cdc6c7
75747283
713987ed
97979589
6d8a9998
4f505053
d2b0431a
aacdc2cf
312f2836
a09e9ea0
362e3434
7e3c2933
9f8c8998
99b1bbbb
58575859
85635159
a2a2a199
a0899596
5854494c
5d5e5f5d
69676561
a396989e
6a6467bb
7171706c
837f7674
b7b5b3b3
726b7f88
bab6b191
b6b4adae
d0ccc9c9
c5c3c2c2
cbc5c1c4
cec9cccd
626e7084
6642bee5
99989588
6b8a9799
474f5052
c3d2c54f
d9e5dece
332d2542
9d9e9e9e
39323234
986f2c2d
a49d8b8e
9ab1b9bb
5c5a5857
8464555c
a4a5a296
af899798
5a514749
6162625e
68686462
aa999093
6a6369b0
7471736a
7d827b73
b5b4b0b2
9d746f7d
a9a5b3b5
b4abaeb1
cbc9c9ca
bbbcc2c1
cbc8c7c0
c8c5c8c8
96606580
557fe5d5
9b999787
698a9799
61484d51
d8bdc0d3
f1dbdbdc
332f1d7c
9c9d9d9f
34352f30
9294572c
a0a0998a
98b0babd
5e5c5b5b
8465595e
a6a6a497
bb8f9499
5c51494c
63636260
6b676463
a89b9a92
676360a3
736b6c6e
747a827a
b0b0b2b4
b3a3766b
a9a7a3a9
b0b5b3ad
c9c9cbcb
c5bbb8bb
c6c0c5c3
ccc9c6c7
daab646b
62cbdbcd
9c9b977c
6286979b
72684d4c
d4dcbfb0
edcdd0d1
312e1e9b
9d9c9c9e
2f373229
8c99873d
9d9ca096
98b2bbbe
61605e5d
84675d60
a7a7a497
c197919b
5d564b4f
64646262
6c6a6863
9e9d999c
69646299
79746764
7975777c
aab0b2b3
a1a8a479
b1a6a3a3
bbb3aeb5
c6c9c6c4
c6c0b9ae
c0c1c2c3
c2c2c8c8
c4d5bf85
b5d9cdcd
9a989083
46799498
676f6c5a
cad2d9c8
ebd3ccc8
38321c9b
9d9b9b9c
272b3430
92909d6a
9d9d9ea0
9cb1bdbf
63626161
84665d61
a6a6a397
c1a1929b
5e574d4f
68656462
6d6c6563
a2939396
655e6584
736f736a
807d7575
aca8aeaf
98989ea1
afaaa3a2
b2afb7b3
c5c4c6c7
beb7bdb6
c4c5c0c3
bfa7bac8
d3c5cfd4
dbcbc6c7
989890c2
9c798596
736b6e75
c8c9ccd5
e9d6d1c9
33321f8c
9b9b9c9e
451c3436
9c8f9693
9b9c9ea0
9cb2bcbf
63636463
866b5f62
a8a6a096
bda88b99
5e564e4f
64646363
6b686463
b69e8890
69626d7d
736b6369
767c7d71
b9ada8ad
91929299
afb0ab98
b3b2a9ab
c7c3c2c3
b8b7b5b5
c8c6bfb9
c0bdacb9
d2d3c9c6
c5c3c3c5
9195a8d3
ccc9a88e
716f716a
c9c8c8c9
e7d7d4cf
2e34206d
9b9a9c9d
79302c34
a097909b
9c9c9e9f
9bb3bdc0
63626263
876d6062
aba7a399
b8b38997
5e5b4e4e
63646261
69676363
afb4978e
69677085
6b6b6466
78737675
b1b6b3a6
978b9392
a9aea3a3
aeb3a8a3
c1c1c1bb
b0b0b0b4
b3b0bbb6
bab7b9b2
cacdd3cd
babbc0bf
a28fb9c3
b9c0ccbb
716d6e72
c9cac9c7
e0dad4ce
33372853
9a9b9a9c
945d3834
9f9d9092
9e9b9d9f
9db5bfc2
62626363
856d6163
aca9a59a
b8be8c94
5c594c50
60626361
69656361
abb5a495
6965738c
746f6a68
717f7575
b3b4b4b3
9e91858c
a99ba0a2
a39dacb1
bdbebfbf
b9b2acab
b7aeafbb
bfbcb4bc
c8c8cad0
b6b8baba
c9b9bfb6
cfc7bbc1
726f6b71
c6cbcdc9
d2dfd2ca
34312a38
9d9a9b9d
97844e39
9fa0988f
9c9b9c9e
9eb4bec1
60616162
846b6262
adaba699
b6c39290
5e564c4e
61626260
69656162
a7b4a0a0
6e757f93
6f6e6b66
7b717d78
b2b3b2b5
97979182
abaa9a94
aea3a0a6
bbb8babc
b2aca8ae
b1b5b7b3
bcbbbeb5
cac5c5c8
a5a9b3b6
bebbbfbc
c4ced0c5
71736d6d
b8c2cec9
afe1d0cb
332e2b20
9d9c9c9d
91987035
9fa09e93
9d9c9d9e
9eb5bec1
60616160
84695f62
abaca698
b7c5948f
5e594e50
62616360
67656261
9baca39d
72828998
71696869
8e816875
b0b4b4b1
8a999792
a4a79a8e
a4b1a895
babcbbb8
aaa6a9a6
b7b0adaf
afbbb9b1
c7c6c8c7
beaaa0b0
cbc0b6bd
c4c4cacc
6e726f6c
a8a4cacc
76dec2c4
342f2e1e
9e9d9c9e
91968f44
9ea0a09c
9d9c9ea0
9bb7bdbf
5f5e6060
866a5f60
aaaaa79c
b6c4928e
5f5a4e51
62616362
67646261
aaa19a9c
7c8993a1
756a5b6b
85907b6a
b1acafb1
96909096
95969196
a6a3acab
afb6bbb7
a0a4a4a4
b1adaba4
adafb0b8
c2c7c8c5
babeb5a7
c5cac9bf
c6c3bfc0
806f706d
ac9badcf
3bc8b696
2d333529
a59e9b9b
96909875
9e9ea09e
9c9d9d9f
9eb6bdbf
5e5d5d61
886b5f5e
aaa9a69c
b5c49489
5f5a4d51
61606262
64646262
a9ae9291
8389959f
666a6369
89828f80
b1aeabaf
8f8d8c91
a2929499
a5a99c9d
b6aeb1b3
a29fa09e
a5aaaba6
aba7acaf
cbc5c4c4
c7bab5b8
bec0c6cc
c8c6c0bf
97757172
93ab9ac0
1e9fc393
28333429
a8a09c9c
9d919395
9c9d9fa0
9c9d9e9d
9fb7bec0
5e5d5e60
886f5f5d
aaaaa69b
b7c79c85
5f5a5051
60606161
63616261
aab2a48b
868b96a3
7c656b75
7b87868d
a9b3b0a2
96898488
9ca1918d
969ea09d
bcbdb0af
a4a5a296
a5a6a3a2
9fa5a19f
c9c8c4c1
c2c6c1b5
c2bfbdbc
c9c8c7c2
ae7f6e73
9ba0a2a2
1d6acf98
31313131
aea39e9c
9d978e9a
9c9c9d9f
9a9c9d9d
9eb8bebe
5e5f615e
88716561
aaaaa69b
b9ca9e82
5d574b4f
615e5f5f
63616061
a8b3a699
9192a2ad
8a746080
767c877e
b2948c97
8a988180
8999a28b
8b988f87
bcb3b7b8
9e9ca1a5
9e9ea2a5
98949ea4
c3cac6c6
b8bac4c6
c4c2c0b9
c9c9c9c7
bb957175
6d7e989f
2630cea1
3a303333
afa79e9d
9e9c9193
9b9c9c9e
9a9c9c9c
9fb7c0bf
615f6161
88716662
acaca79b
baca9e7f
5e574a4d
615f5f61
61626060
a0aea59b
9b9aa1ac
7d7b6f89
89737b85
9288a7a7
8b849084
7f70899a
6e6b6874
c3bfbabd
9798948b
668b978e
b399957a
bed2cdc3
c0bfbdc1
c7c7c5c0
c8c9c9c8
b5ad7d70
7e545c80
2b1991db
362e2c31
acaaa19d
9e9f998f
9b9c9c9e
99999b9b
a0b8c0c1
63626162
8b756664
adada89b
bcc89c82
5e564a4d
6263625f
61626262
a7a69c97
948da5b9
7b756f8f
8a867078
818eaaa3
92878387
7b897b8d
51495d6d
c1c9c9c3
65695964
393f4555
a1ada52e
9ab3c9cf
bfbfc2c1
c7c8c7c3
d1cbcac8
9da9886c
c276554f
312534cc
35302b2d
abaea59b
9e9f9e92
9b9b9e9d
999a9a9b
a1b7bec2
60636661
8c756a64
ababa99e
bdc79388
5d564a4d
6261625f
63646261
a8ac9591
817fa9c5
7676697e
85898267
6477867e
87918181
6e7b8971
5960746c
b2bcc4c3
3f465e45
35212830
c5a5a084
8e9095a9
c0bfc1c3
c4c8c6c3
a9cdd3c9
969f8a54
d2b47a5f
32312165
2c352e30
acadaa9c
9f9fa29a
9b9d9e9e
9b99989a
9fb8bec2
5f646664
8a756a64
aaaaa99d
c1c08789
5e574c4d
6461625f
60616361
a7ad978d
8277acc7
69717a88
7f88897b
73767a6b
72858d7e
76718082
3b435463
b9bbc0b9
503d5067
9a3a1c30
c1c0a595
a0988e8c
bfbfc0c0
cdc6c3c2
556fb4d3
a29f9a61
46bcc191
2e322e22
2838322e
acaaaca3
9ea0a2a2
9b9c9e9f
999a9b9b
a2b9bfbf
61636768
8b746863
a9a9a89b
c2b27f8c
5d574b4f
6460615f
60626261
a9a49594
8c82adc5
74668193
777f8885
6f5e757f
7b70898c
54516587
482f364b
b4acb9c0
4f36585f
89a14a17
b6b2c5a1
c1b7a69a
c0bfbdbc
b0cfc8c0
5d5c7b87
afa6a987
204cc4b9
2c343432
333b372a
ababada8
9fa1a1a5
9c9e9f9f
999b9a9c
a2b9bfbf
6566676a
8a736562
a9aaa69b
c49c7f90
5d554b4f
6261615e
63616262
aa959096
8897bcbe
866f7191
7f717a89
7561577e
78799084
41503f52
6d303235
b7aea6b5
4a2b3850
b389995c
bab3b4c4
cac4c7c0
c0bebebb
597db8ce
90908762
b6a9a9a6
321e4cc3
2e333536
472d362d
acababab
a1a3a3a2
9d9d9fa0
999a9b9c
a3b9bfc0
64676869
88716664
aaaaa89b
c08a8692
5c584a4e
63625f5e
6460615f
a9988e92
a2aabec7
89806882
7d7b6c7f
7a7c605c
47727668
313c4f42
5c4e2439
b8b7a9a3
81343b3d
c6b68991
b5b6b0b4
d2cdc3c6
c5c0bdbd
77494c88
a8a27e6b
bcb6a7ac
322e1d57
2c323535
662c3334
acaca9ac
a1a4a4a3
9e9da0a1
9a9b9b9c
a5b9c0c2
64686969
866e6462
abaaa89c
a6808f95
5b56484d
6060605d
66616060
a398988f
b2a4b9db
7d837970
777d7d6e
676a6958
4849475a
58313d52
34592f29
afaba9a1
91574f4d
bcc7bc85
b3b5b2b7
7bbfd3c4
93bfbbbf
70604d3b
a090737d
a1b4aea6
342f2c1f
2c313737
7d3e3032
acabaaab
a1a2a4a4
9d9fa0a1
9c9c9c9c
a4b9c0c1
66686a6b
846a6062
acaaa89b
83879495
5a534a4d
6060615e
67636061
838e928c
a8b7c8c8
74827f7d
7a828377
5f675f69
58484f5e
5e472236
334a3d20
acaca5a1
7a6c765f
b8bfc2c1
b0b6b2b4
606bb2cf
a9c0b8b7
61665563
ab867680
9da1a39e
3333322d
2d2c3238
86583535
abaeaba7
a2a0a1a2
9e9fa1a2
9c9e9e9c
a4b9c2c3
6567696b
84655e62
acaba89b
7b909799
5952474d
605f5e5e
68646261
64828c91
a6c2d492
736f7881
7c727984
626c696c
505e4d46
4c4b2933
362f3f35
b6aea7a8
aa80765c
b0b9b5b7
aeaeafae
6a6463a0
c0c5c0bc
615c518a
a88a855e
9ea0978c
3537362e
322d2c37
84713c31
abaeaea8
a2a1a1a2
9ea0a0a0
9c9c9e9e
a7bac2c2
6467686a
82635b62
aaaba698
8095989b
5953474c
6061615e
67636060
5c7e8e8b
b2cbdd7e
776e7a7c
867f7477
76574e56
494d343b
5a3d373d
2f2d264f
beb49f9b
aa98714e
a6b0b5b0
acaeaeab
6b686289
c6c4c3c2
483c64a3
90907051
9e9e9c8e
3a393636
332b2b35
7c84502f
abadafab
a2a1a2a4
9fa0a1a1
9c9d9ea0
a6b9c0c3
65696869
81625961
adaaa797
83959a9d
5c55484e
63646360
6a636062
5f5f617f
8ad5db80
737a7869
8187866f
7f75434b
4b41292d
4a373a4f
2c313770
bdbfb1a6
b5b3997b
a0a6b7bc
a4a3b5aa
6f6a657f
c5c6c5c3
2c436fac
948f624a
9e9e9a96
3b3a3835
2e2e2c32
7d8a6c30
abaeaeae
a0a0a4a4
a0a1a2a0
9d9c9f9e
a6b9c0c2
64666867
82625c63
acaba799
8b989d9a
5c544951
6463625f
67686461
50624c76
6bc5da71
74717269
7370777f
91937d43
48322f2a
29414148
2139566d
c9bfbdad
b5b28da3
a1a0adbd
afa2a8b3
706c6770
cececac7
264a7dbb
9599533a
9a989599
3a3e3735
2d312b2c
88858544
acadacad
a0a1a3a1
a0a3a09f
9d9c9d9f
a6b9c0c1
64666766
82615d62
acaaa799
929a9ba5
5b534852
66666462
75616464
4a675965
67b9c560
83706a77
4653607b
a6a19875
352e3737
3e543a3d
1b1e4053
ccc6beb9
b5a6929e
a9a8a8b5
b6aa9da0
73706b75
d2d0cdc8
2c5693c7
9f863e2b
9695969e
353f3937
2835312b
97818f5b
abadaeaf
9e9b9897
9fa1a09f
9c9c9e9e
a4b9bfc0
63646969
80625b61
adaca797
969a9d9e
5f564d55
65676564
7c656263
5061524f
6ec29467
7f7b7570
36496a81
a6b19796
3334343a
575d3535
5c156054
cecdc5bd
bfa799aa
99a4a7b6
bbada799
7370687f
d2d1ceca
3460a4cc
a3743321
96999ba3
323f3e39
3231332c
a1888d78
acacacae
94959394
9f9c9894
9a9c9d9f
a4b8bfc0
62636667
7e60595e
adaca797
999f9f9d
5e5b4e52
66656462
72676565
58644b4e
7bb07573
83818470
4d353e67
acb0a591
362f373b
3f452f3d
884b5c34
d2cac8c1
c0a88db3
9d9b9ea6
b8aeaba6
73726886
d4d1ceca
406fb0d2
a5632c27
999c9da4
313a3a39
4928352e
a591868f
aeadadab
9497979a
94918f91
98989895
a3b9bfc0
62646566
81605a61
adaca798
919b9e9f
5e574c52
68676563
6f696665
60505055
74737871
757f877e
4a2e3941
b1a2a4a7
3b2c2d4a
4d36373e
80854716
d0cac4c5
b0b298b8
a29e9c99
b5b0adab
73706b8a
d1d0cdc8
4e7cbed2
a452282b
9f9d9ba5
2e353e3d
6c2d3134
a49b858d
adadada9
9b9ca0a1
90929194
928f8e8e
a6b8bfc0
60626465
805f5a60
adaba699
959da1a1
5e564c53
65666464
6e6a6665
6b624f4f
8e7b7f87
627e8072
5c244b3c
b3a9a2a7
3c312936
3c3e4834
a6706c28
d1c7c7c4
88a1bab9
aaa8a598
b1b0b0ae
70746e94
d0cbc9c6
4989c8d0
a0412828
9fa09daa
32313f3e
823f2d35
a1a08986
aca9a6a2
9ca0a5a3
9094959a
8c8e8f8e
a6b7bfc0
62616364
7f5f5c62
aeada698
a79ba0a1
5d574c52
65656663
70696564
6058554a
6a2c439b
3c6476a2
63373656
a9a29fa4
3c352e2b
233e4938
af9f7862
d2c8c6c9
615f98c5
9e806c6a
aeb0b5b3
6e746d9d
d4cac6c1
326cadcb
94382728
9d9e9cab
332f3c42
8b562b35
9fa29281
a09ea09f
9da0a09f
95989b9b
8c919494
a5b9bfc0
63656466
7f5d5c62
aeada797
ad9ea2a1
5d564e51
64646762
6f696565
5f5c5547
791e237a
42435c92
61542a54
aea89ca4
45252d39
44274452
b7af8e83
d1cfc3c9
94938195
4d475f85
aaaea273
75736aaa
9dbac2be
4a5e627a
862f2a2d
9c9d9cb0
3230343f
8b6b2e37
9ea29c83
999b9ea1
9c9f9d9b
9a9a999a
9195999a
a5b8c1c2
66676664
7e5c5962
adada796
a8b0a596
5f574d53
63656665
69676361
5d595d52
74597093
5d373f67
4e404e41
94a8a6a3
2b292153
78253747
c5aeb090
bad2cac4
6e767c6e
5e6e7090
a29e7554
756e72aa
6282aebb
556b645d
802e2c3d
9e9d9fb2
3531313e
847e3f33
9d9fa08a
979b9fa3
9a9d9c99
9a999799
94989b9a
a7b9c0c3
62646664
805a5661
afaea798
acb0afa5
5c554a54
63636462
725d6162
51586066
3781929d
625a4433
3c306443
6c7babac
2b26445a
865d1f27
c1bfada9
b1b7cdc6
30353d49
7d4d2834
998b7a80
776f7caa
415581bd
403a3632
7a2f2738
9f9ea1b1
35312e38
818d4c27
9b9da192
9a9d9fa2
999c9b9a
98999898
93969a99
a8bac0c3
5d5e5f60
7a52515b
afaea796
a6b1abbb
59544753
5f61635f
bd6b5460
505b655b
20384b83
4a585255
36326d55
506183aa
2e446531
9f7f371f
c2c4b0b0
b4b3b5c4
45292e2e
4b1c447d
93898085
78797dab
50303172
38352c53
722e2a30
9f9d9eb0
34322e33
88906229
999a9e9d
999b9d9d
989a9a98
96989998
8f919696
a8b9c0c3
5c5d5f61
7a4f4d57
aeafaa96
9cb2abae
5f584b51
61626061
bc71525f
52686152
4f2a3775
3b314343
2f2c5f6a
545e737f
36382f29
b08b6626
c3c9baab
98bcb2af
4e39404e
5254b8c3
8e84786f
688285ab
723e3331
332c409b
6c322d30
9c9fa1b1
2d332f2f
8e8d7d38
999c9b9f
9493969a
97979698
93959797
8a8e9195
a8b8bfc2
5c616064
784d4c58
b1b0a996
67aacfac
625b4e57
6d646667
7e423a65
4b6d6c5e
4a4f2131
533c4635
2f2b656c
5c788d89
21262e2c
a4986e46
82c5c8b3
85b8c0b0
7d46586e
6a8bcfd1
8b7e746e
5c8588af
7b4b5667
2c2a4fa7
65392c2c
9ba0a1b1
28353330
94898c49
979b9a9f
a99e9494
97979798
91939396
84898b8f
adbabfc0
5c616265
774c4c58
b1b0a796
506baec6
655d5359
446d6d6b
a87d5b36
57545f66
2e5f592c
644f4f3c
313d7567
7e999c96
2c22312d
afac8e6f
727fc3c8
8ebfc8b4
b4837b68
8195b5c3
877e787d
5c858fb4
af877e7d
36374088
5b3c3431
9aa2a3b2
2b352f2d
9b898d5f
96979a9b
bcb9ada2
95969998
8d919195
84838989
afbfc5c4
5b646667
774b4c57
b3afa897
6d505b92
6860535a
3175706e
928e9e68
5f4e4a53
21495865
5b455345
33617678
9c9e9d9a
55182c32
c1aca87b
876b77c7
b0c4c7b5
83787381
91a5977c
857f7e79
668798b7
6e80858d
364d4747
513d372e
989ea5b1
3e33312e
9f8d867b
9697999a
bfc0bdba
93969796
898a8d91
a6918685
b0bfc7c6
575f6465
74464953
b3afa896
51555970
665e5058
9277696d
4a50889c
524e4c53
32667c73
525c4b37
335f7e66
a2a1a0a2
7e30202f
ccb4ac8a
887f5977
b6c7c7b9
8d888a91
949b9d93
7f80867d
69819bba
747e8798
38586661
4e3c362a
969aa6b3
462c382d
9f968289
96969797
bfbebfc0
91939595
848a8b8e
bdb59f87
b0bfc7c7
52585b62
723f4150
b4afa594
68665962
675e5058
856c696c
5851617e
5d554e4e
2556555e
76484e35
2d605f5b
a9a7a4a2
79672330
83d0b6a4
897e744c
bfccc7b5
a8a09ea1
92a6a7a9
7f808988
6d7f9fb8
828d99a6
3c617378
47393a2e
9699a6b4
5827332d
9c9a868a
9596969a
bfbfbfc1
8e919294
88828b8c
c0c2c0aa
afbfc5c6
51555a5c
6f3f3f4c
b3afa694
73726a60
625d4f58
8282786a
46767991
605b5355
23366363
64595a32
4a5d7b71
aba8a6a4
877c4228
3798cab6
887e7765
c1cdc4b2
abacacae
91a1aca9
7d81888e
6c79a4b6
868c9baa
3c68797f
3e383c31
9495a8b1
712d3130
9a9e8c87
95979697
bfc0bfc2
8c8e9091
aa88858a
bfc3c4c0
afbec4c5
50505756
703e3d4a
b2afa794
74707166
6a5a4f57
878a877d
3743445e
605b555c
2d2c4676
6150312a
7c6c2651
aba9a5a5
a47b6e24
4431b8c6
887d796e
c3cec2af
aeafb0af
96a1acaf
7f838b91
687aacae
85909ea3
3b6a7e81
383b4033
9094aaae
83382c32
99a09388
9696979a
c2c1bfc0
8a8e9090
bea48485
bfc2c3c2
b4c0c5c5
4a4b4e51
6f3c3d48
b2afa694
79776678
695b4e57
506d746d
3b4c5a5a
575f4b6f
302c394b
3c362f30
886c2138
a9a6a1a6
be8c803e
532453c6
847e7a71
c2ccbeae
adb3b1af
959da7ab
7e838c92
677db3a6
89949fa3
36637f80
313c3f32
9294a9ac
8b4b283a
979e9d89
9495979a
c2c3c2c1
878b8f8f
c1bb967e
c0c0c0c0
b9c5c7c4
47494a4d
6d3a3a44
aeaca495
75695a69
645e4d57
786b7066
625c5c65
58504b95
35323647
39352d31
79622d33
a4a3a4b0
d4a97866
4e372088
85817a71
c0c9baad
acb1afa9
8d9aa4a9
7e7e888b
6688b6a6
8b949ca0
315a7c81
293c3f2e
8f98a9ab
8b642c3c
989ba890
94969798
c2c4c4c4
808a8e8f
c1c1b187
c3c0c0c0
b8c5ccc8
494b4a4c
6f383742
aaaca493
7d6c6966
63754855
407c8e76
3d5c7b5b
6e4b8a92
323e365c
4d362627
67863b36
a9a2aeaa
bdcf817a
4b3d2b2d
857f796b
c4c9b8ab
abababa3
8998a2a8
7b7c8583
6892b39c
89919b9e
2b4d7b82
243e4434
8e9ba9a6
8a7b3134
9a9ca195
94959798
c1c4c4c5
80878b8d
bfc1bf9f
cbc4c0bf
b6c4cccb
474a4b4e
6c343540
abaca492
79757275
7f6b4654
3e5d8080
3b505e79
8b4c796e
31353c6a
64482823
96995f3e
ad9fa6a0
50d4a77a
49443319
827e7968
c7c7b6a7
a5a5a09f
8794a1a3
787a8182
6a93b393
8991999f
283f7382
203d4936
8d9baba5
8a88422c
979a9f9a
9496979a
c3c4c4c5
8d828a8b
bfc0c3b6
cecdc4c0
b9c7cdcd
484a4c4f
6830303e
afaca493
7c6a6f75
73564554
4a5f7f70
4f4e5d5a
a261525c
3326385d
4b482c2e
5d557177
aca59e9e
1a7ec37f
49503624
827e7666
cac3b2a7
a2a09b98
7e8f9aa1
797d837a
70a0b28a
8693959f
2b2f6881
1e3b4838
909faba1
8c8f5c26
96989b9e
94969696
c4c3c4c4
a281868c
c0c0c3c1
cdd0ccc4
bbc9cecb
474d5052
682d303f
adada592
78716075
71775455
4b4d746a
45496260
a8a85454
38314a5d
634a2731
27497252
b3b7a59c
1f4eae85
47573926
807e7867
cac2b2a4
9f9c9a96
728e969e
86918e7c
73aab179
828f909c
2e26517d
1e3b4938
91a2ae9e
91927423
9698999d
94949495
c3c3c2c4
b58b828b
c2c0c2c4
cccdceca
bac9cfcb
494e4f53
70373642
adaba592
7a705c77
5f615d62
4d48726e
5f2c6474
c0c07149
343a5c6f
3634213e
2728653f
c0bfad9a
27226db8
4e5c3829
7f7c7769
bfbeada0
9d9a9796
788f989c
745b6e85
6da5a96a
848c9295
30293271
2438453a
90a3ae9a
9692842e
9597989e
91949595
c2c3c3c4
bf99808a
c8c2c1c3
cdcdcccd
bbcad0cd
494b4c4f
7b493f43
adaba497
786e686e
6257465a
5251666f
74354c66
c6b49358
2a386581
2a1e4350
322c4573
c1b8b0a0
2d2b1b85
56643b29
807a756b
b8b6a493
9b999694
8393999e
6a666e7d
6ca7a35b
85889097
322f2b55
293a4640
93a4a996
9a919248
9595989b
92939594
c2c2c3c5
c2a58489
cdc6c2c3
d1cecece
bcc9cfcf
4a4b4c4f
82574744
a9a8a59b
6e756d6e
605a4b5a
4b377170
4a652f46
afa48d9a
1a4b8378
341f8f5d
78563550
bbb4a5b0
353e2728
566a3f26
7f7b7770
b6b9b3a7
99979490
92989b9d
8b8b8588
72afb45f
79868f98
342e2d37
2e3b4e48
93a1a793
9c91965c
9596989a
92949394
c3c3c4c4
c3b28785
cecbc5c2
d1cecece
bec9cece
4b4e494d
87604343
aba8a49c
73766d6b
5e5a4b5a
43388774
2c4c6b4b
78b78a8b
35708363
313b6b50
b0887e3d
a8bea9a8
3a373728
5c6c3d2e
7f7c7b70
b4babcb3
9a98948e
96989c9d
b7998c93
7fadac5f
5d898c92
3b2f2f2c
373f4b4b
94a1a494
9b929475
96959899
90919393
c3c4c5c5
c3b88f83
cecfc9c2
cfcfcccc
becbcfce
48474749
8861413e
a9a8a59b
6e686967
6453495a
4d3f7287
34364872
547d9876
527f7754
332d4064
9bb69b73
9dacb29e
3f352f33
5f69352d
807e786d
b2bcbbb3
95948f8d
94959a96
cbaa9594
88aea25d
3a828c90
3f312f2c
3440474c
97a1a18f
9b969186
94959699
908f9393
c2c3c4c4
c2bc9681
cecfcec6
cfcecdce
c0cbd1cf
44444547
835c4540
aba9a49a
68616d65
7d544759
64416b73
4447295e
65488989
7d7f6346
69521f56
5eb3a571
a39fafa8
45332f36
5e632f30
7f7e7866
b1bdbeb7
928e8a89
91929290
d0b29c96
90b09d62
27658f89
40322f32
353e454e
95a3a08f
9a988f8b
93949798
90919393
c2c3c5c5
c5bf997f
cecfcfca
d0cdced0
c0ccd1d2
44423b41
845a443f
acaaa59b
5f6c776d
6e70415b
55336f66
3d3f3455
76515a9b
8b5e4254
a9813d47
5c72bfb3
a39fa1b1
49362e30
585e2d33
807d755e
a2b1b1b5
83888a88
8e8f8e8a
9f929492
92a68758
28408b80
43343135
37454b4d
96a49d8e
9a998f8f
91939597
90929394
c3c4c4c5
c9c09d7e
cfcfd1ce
d3d0cfd0
becbd2d1
423d3839
865c443c
afada99c
697a8469
53795d50
43316c87
32434140
6a5f5a74
585e5f49
bf86815a
945185d8
a1a09ba3
45362d32
53582c39
817d7056
96968c9d
5b6e908e
71736e64
71626168
97986d4a
30286f90
423a2e31
3f3a4c47
96a59b8e
9a999292
93959697
8f929292
c3c5c4c5
cec2a17e
cfcfd1d2
d3d1d1cf
baccd2d2
403d3837
88634c3d
b0afa89c
73708c6a
6850806b
393e5d8f
3f433b2e
6a586f52
47665a5f
c9818c5a
8a8855b7
9f9d9c98
3e392f34
504f2f3f
7b786b53
aaa2a6ae
7a849091
7c736d6f
9d8d877f
a6a47263
332a3b8c
3f3b312e
48394c4c
97a39890
999a9592
94969696
90929192
c4c5c5c6
d2c9a980
cfd2d2d2
d3d1d1d1
b7c9d1d2
3e3b3836
85624f3a
afaea69c
74659171
834c4e7f
59495672
424e3029
5e53705c
63405a6b
b07e9285
39a18670
9b9a9897
3c382e35
4c48323f
7572644a
aea4a8b5
8591918e
827f7f80
aeaca792
aca97068
3330255e
3e333329
4a3c4d51
95a49791
9a9a9494
96969798
90919393
c3c5c6c7
d4cfae7e
d2d2d2d2
d4d5d4d2
b7c5cccf
38373434
815f4f36
b2b0a59b
70798b82
7e703d56
5a5c416b
474f4423
5e616e67
6c706c4e
a58d8d90
2d47b885
9b999794
3e383433
4b483442
6e6a5943
9ca8a3a5
8a8e8b88
7a7e7d82
8089867d
a9a96a5e
33302a37
40333532
49414f4e
94a3948e
9a9a9797
96979898
90929494
c3c3c4c5
d6d5b47d
d6d3d2d4
cfd4d5d6
b6c2cbcb
32343133
7d5a5837
b1b1a395
7e778292
68804253
4c682f62
363d4c23
6d646d70
6d86574e
ab927a6c
35285fb7
9b97938e
3b3b3732
4a40363e
67604d40
74a2a6a3
8a8c8884
7e7f8385
837b797a
a0a56967
332e2a2f
4730353a
483f5251
93a1928e
98999794
9a989998
90939598
c2c4c4c5
d7d8b479
d8d6d4d4
ccced2d6
bcc6cccc
2c303333
7d65653f
afaea290
817a898d
69774257
38564051
353c4928
6c64726e
6d675e6e
d19b6f59
30352479
9a978f88
38353234
4233383c
6052433d
5c87a7a4
89888884
938a8989
9d999c99
a19f676b
37312a32
492d333a
4b445153
909f8f8d
999b9892
98989898
90939598
c3c6c8c8
d9dab676
d5d7d6d6
d2d1d1d2
b9c6cdcc
2e312f2e
7f676948
afaea390
7d7b7a80
6c634259
3253534c
3b324c2b
6c646c68
7a516078
a2905675
3133312d
9a938982
362c3234
3d323839
4c3e3f39
5a63a2a2
8c898683
9c9a9990
9ea2aaa7
a098676d
3c342d2e
512d3939
4c465255
8f9d8d8d
9a9b9b91
95969899
8f939498
c4c5c7c7
d9dbbf79
d4d2d4d6
d1d3d3d3
b7c6caca
2e2f312d
7f656348
aeaea48f
705b6d84
5f5f4457
335a433d
3d314731
6a53666b
79677c84
5a665a87
3034333a
97887c67
2f2f3431
3a363738
2e3e3f3b
5c51909e
918b8682
a5a69c93
a4aba5a7
a2966272
3d363232
562d3732
49495259
8e9c8c8b
989c9a92
94949694
8d919596
c4c8c6c6
d7dcca7f
d5d3d1d2
ccced3d6
b6c7cbc9
2e2e312f
826b593c
aeada493
665c7e86
4b613756
3558462b
2d30413d
6551736f
77897a6b
3e58718f
30343333
8373604f
30333633
39383934
3347393c
524d839c
8880786b
a49c948e
9ba3a3a8
a4975e74
3f363738
59333435
504f505a
8c988d8a
9395908f
94969695
8b8f9395
85a5bec7
d6dcd18b
d5d5d3d1
cdccced3
9fb4c1c6
2b2b2e2d
7b645533
abaca495
5e6d8f7a
64876144
39444830
262f383e
62568174
76677067
7b8e8696
33342e27
6b645e5c
31343333
3c3b342f
4945373f
4c437997
7b71655b
9c969085
8d9a9da5
9e9a6271
3f38383a
58363336
5351525d
89978b88
8683767c
94938e8b
8b8f9294
5055709b
d3d8d79d
d0d2d2d2
abc2cacf
8ea7adb4
262b3431
75534e30
acada394
597f8f78
6a55a67f
3d483e2e
2930363e
605d8175
6e715f41
8a528883
302a2c85
968c8674
2f333030
39393230
4d37323b
6182a3a9
88878a85
9b9c958c
a6a4a19d
9eb07c7d
3a363130
56363232
534f555c
87908b88
766f6c6e
83807b79
8b8c8f8c
6a5d4e55
ced3d9b1
cecfd0d0
4f9ab9c9
a1a5adaa
2c323c3d
6f48432d
ababa18e
7a838671
5a48459a
39513b1f
2e444839
6d617a70
568d763c
53587f64
312e7ba1
97979380
33323233
3a353331
4d353439
b3c1bcb2
8984837e
9193938b
ac9d9190
afc0877f
2f2d548e
5b3a3032
534f5259
898e8b87
71727b78
6f6c6d6f
7f7d7a73
79786759
cdced7ba
c6cfd0d0
285da8be
a6adadab
3542566c
58373c37
a9aaa086
748d7558
427a454b
40462c1f
425a452d
715f6c64
52648d68
865e7162
26646c7f
97939284
352f3033
3b333131
4932373b
bcb8b6b1
8887817b
8b8b8e8a
afa1928d
adbe8979
4b98c9d1
57362322
4f4d4e57
83848377
7c848784
656a7178
68686362
78787265
cccad2b6
c5cfcfcf
332b50a1
9cb0afac
4c657e87
4f303e46
a9a8a082
75805462
1e718857
5f3d282b
57683718
74595761
6d4b6e60
7e787267
48733e86
94908e7d
362e3132
38342f37
43303d43
bab7b5b2
88847f7f
8c8a8b8b
b4a59891
aebb8b75
ccd7cac6
502f2279
4a494a55
77848d76
858b8c8e
727a8184
595f626b
7474776d
d0cad1af
a5c4cdcf
4c462952
9daeb0ae
70888a85
4d2c475d
a9a8a083
676a6c5e
26417e8f
714e2128
4c5f664c
6f505c5c
5c454977
788e7c74
7444635d
98908f7c
35303436
3832353e
45324643
b8b6b3b2
8d877f7c
8d878a8d
b1a89d94
acb98d6e
d1c9c9c5
392f99dc
4d454250
7f8b9e7f
8b8e9093
7e848789
5e6d727a
74747e77
d2d0d3b9
439eced0
4d52502a
a7aab4b1
8a968f81
4a2e5073
abaca183
80547470
2d3b5cb7
393c2b2d
3f38535b
7348536f
5c463d3f
97878060
6d676c43
92988f85
34343435
4134343e
3c345945
b6b5b2b0
8a87887a
8f8a898c
aba4a09a
a9b69267
cdcbc5c2
35a2e0d0
4c453a44
9b909f84
8e8f9094
8687898d
70797b7f
7a748083
d2d2d2cb
246cc0cd
54545d4e
adabb3b3
9796856e
4930668e
adaea182
75535c57
2c2a6b99
34453533
3b463236
6e4c456d
57463c49
808f6a5f
5a8d6075
948e938d
3633353a
43353741
33406c49
b6b3b2b0
8b898884
938e8b8b
a8a3a19b
a9b29a63
cdc9c4be
94e3d1d0
4641302e
af999f86
8d8e9194
87898b8d
797d8083
85757e8e
d4d3d2d2
404ea4c9
6559595e
abacb4b5
a391713e
4733789c
afb0a484
56636258
2a274087
363c3929
415f322c
604b4a7e
48473e5e
7b7b6e5c
74527195
9d928c8c
332d3439
3b2d353f
2f4d7850
b6b4b0af
8a8a8983
928f8b88
a5a09d98
a9afa263
cbc5c1bc
e2d6d2cf
3939216e
bb9ea48d
8f909193
888b8d8e
7e7e8386
8b7d7b87
d2d2d3d8
5a4679c1
71635c5d
abb1b4b4
a78e4f25
3c3985a2
b0aea486
5c6b5362
2c24518e
3131442e
39633b2e
63494894
60565046
786b5f4d
62238099
9b999491
322d343d
34323643
2a537a57
b5b4afae
8b8a8583
948f8d8c
a39f9b96
abaaa664
c9c4bfba
e0d4d0cd
313035c9
c1aca88b
8f8e9091
89898b8b
7c7f8488
8e897f7a
d2d3d4d7
5b5057ae
686e665d
a6b6b5b2
aa883821
36338ea8
aeb0a385
67565268
2c274f7b
302d3737
32694328
684146a5
6a543e4d
90634c63
68285f96
9a99979c
342e3545
3a332f3d
2f556d62
b2b1b0ac
8a888686
93918d8b
a19d9994
aeaaae65
cac3bcb8
d7d5d1ce
281e7ce7
c6c1ba95
8e8f9091
87878b8b
777c8186
8e8e8d7e
cbd2d5d7
5c5d548c
5a6c6c63
acb5b6b2
a87e3522
372f89ab
b0b2a484
555b5c67
31294c89
322d3037
246d5b25
654a3f8e
654d3b32
8a5d4d61
61257c8b
9e9c9495
32303747
45302e3e
31616e64
b3b1afac
87898988
908f8a8a
9e9b9993
ada8b16b
c9c2bcb8
d5d3d1cd
1d2ec2e1
cac6c4af
8f909294
8484878c
84787f83
8f8c958b
b5d2d5d8
625c586a
5864716b
b2b5b7b4
a376281d
33318dab
b0b0a683
505c625a
38302f83
262d2b2f
245f7f2c
65486388
5742322f
8d573970
7659788e
9f99a59d
3235373d
52363535
37637f71
b3b3adab
88888888
90908a86
9e9a9691
aca9b076
c8c1bdb6
d5d2d1cd
155de3d7
c9c8c7bc
8d8f9090
82858889
9c767e7f
8d8d9799
93c9d5d8
665b5a5e
595d6f70
aeb7b9b6
a66d251e
2f3991ac
b0b1a682
4e56685b
2c3a3269
2d2b2c2a
264c5e59
534f545e
423b3136
8f665473
9c8a7b86
9c9a9a8b
36373839
6a433432
3c5b7d7e
b4b1abab
87878a89
8f8c8a8a
9d9a9491
abaaaf7e
c5c0bbb5
d4d1cecc
1493e6d4
cac9c7c0
8b8e9090
83858a8a
ae757a7f
878b919a
77b6d3d8
695c5d63
60596571
a7b0b4b2
a36b241e
2f4494ac
aeafa67e
5357675c
2b2e4075
48372f2d
2d574730
59626c6d
39483138
87847137
91835a6a
9fa4a797
3635423d
734f3830
3f537f7d
b1b0acab
87898d8a
8c8b8985
9c989390
a8a8ae84
c4bfbcb4
d3d0cdca
1ec1ded5
cbc9c5bf
8a8b8e8d
84878a8a
b77d7b7e
84868c96
7599cbd7
6c61616a
64596170
a7b0b4b3
a161211e
2f479aac
afb0a57c
545b5f60
2f2c3979
3532302e
314b432d
6f6c6060
31533933
78805e28
402b477b
adaaa48f
3436526d
785c4130
4950827d
b0b0adaa
88898c8a
8d898784
9a96948d
a8a5ab88
c3beb7b0
d3d0ccc8
43dad6d4
ccc8c7be
898b8e8e
83888a8a
be827b7d
8a858891
7380b9d6
6b62606b
695b5667
abb2b7b7
9b552122
324a9dac
b0aea37b
4f5e5e57
2d323074
3f332c2b
373e3a2f
4e554a45
3a533732
716b5851
3e46836b
9e9d9b8f
2c3c4d3d
7a654f34
53457e80
b1b1adab
888d8c8a
8a8b8885
9993908d
a5a5ac8b
c2bdb6ad
cfceccc7
72e1d2d3
cecac6bc
8a8c8e8e
83888a8b
af828180
8d868589
7175a6d1
64605e6b
65655953
adb3b6b5
964b2026
37579dab
aeaea278
585c585e
26314084
3349412e
333b3c2b
54565253
50424434
7a79713d
5c7e6546
a0a09c9d
2b332e36
796d583f
603d707f
b1b1aeab
898a8c8d
88878787
9793918c
a39da698
c1b9b1ab
cfcdc8c5
a8dcd1d3
ccc7bcab
8e908f8f
84898c8d
8d878783
898b8079
6a6e9acc
57655b62
5d68664a
abb4b6b2
90402027
3a649ca6
aeaea075
56605f64
28364b87
2b30413a
37394031
534f5059
5b254a3b
764d3c43
9e7a394c
a09e9ba2
2f2c2f30
7b746347
6f40597f
b0b0aeac
8c8a8e8e
8b878688
9493908d
918898aa
bfb7b0aa
d2cdc8c3
cbd6d3d2
c8c4ae9d
908d867c
888b8e90
8a909089
808b7f75
666d8ac2
4b5c6059
5861695a
a6b5b7b4
8c401f24
3c65a1a8
aeac9e73
4a5c585f
2a364e79
302d2f31
46343d3a
4e4a4f4c
6234383b
47253571
6967454b
9f9d9c9b
3c2e282c
7b746c50
7e4d407a
b0afaeac
8d8c8f8e
8a89878c
9593908c
7c797eac
bcb4aca7
cfccc6c1
dbd3d4d3
bec0afa7
7d71685b
8c898882
838f9a90
7185867d
55647ab1
504a6257
585d6066
a6b3b8b6
8a331f21
3973aab0
ada99c6e
52535965
2a395770
3a2b2c35
42313a38
4a494a4f
654c3a2f
3d3a6080
45535b41
9f9f9a9b
4835282b
7c737662
8367335b
b1afaeab
8c8d8c8f
8687878a
938f8e8b
777b74a9
b9b0a8a7
cfcbc5be
e1d3d3d2
bac2b6b4
55514c4b
7e6d665c
878f9d93
677d867d
4b4f6995
6249545d
605b5d62
9cb2b8b7
892e1e25
3e82adaf
aea99c6b
53576264
2e355c64
3c37282b
41303a31
484a4b55
4b293036
5e648d72
30274669
9d9d9c9d
553c2a29
6f77746d
867c482d
afaeadab
8c8d8c8c
85878989
918e8b89
84827ab9
b6ada7a4
ccc8c4bc
ddd3d2cf
b7c2bec4
41495157
4d3b3a3d
a4b0876b
5e73847f
4e3a4b76
685f4d52
63595b59
93b1b5b5
843f3d36
428bb5b0
aea99a6d
4d5e6061
2f2d5068
3535342e
40363530
45494c4c
2b32362e
658a874e
32285d5e
9d9e9d9c
634a3227
3d797570
86826d2e
aeafadaa
8e8f8d8a
87888a8c
8e8c8889
8b7f8ac6
b4aea59f
cbc6c1b9
d7d3d1cf
aac1c7d0
4c566065
2428303e
a5cda540
586a7a81
52443a50
5f6b5946
685b5355
91afb3b5
81585657
4f92b7af
b0ab9a6b
4d556265
31275373
322b343b
3b3a3230
4544494c
35422f2c
84855428
2d326b63
9d9b9c9c
6d54432c
29467b76
8683815a
aeaeada8
8e8e8d8b
88898b8e
8b898a88
8a799cc9
aea8a49d
cac4c0b7
d3d2d0cd
7db1d0d9
5960666b
21303f4e
a1cab941
55677b80
454a3f32
4f636950
7063514f
8cb1b5b6
8a695b57
599db6ad
b0aa996a
4d60625f
2f2c4d6e
352d2e2d
3d2d2f33
49464b4b
3a3a3c37
69524240
2d2c4479
9c9c9e9f
7a634d39
56263e72
86828079
adabacaa
8c8f8c8a
888d8c8f
8b8b8c88
8379b1c7
aca4a39e
c7c1bab3
d2d2cecc
577dc6db
5d616a6c
34404d55
c0cba648
575a6f79
4d424637
4b526664
666e5c4d
8db2b4b6
87736a4b
5d9bb1ab
aeab9868
4a6c685e
3329436d
36313431
4f352a36
504b4a4e
46385234
6863473e
2e284a42
9f9d9c9c
4e625e4d
735e352e
8683817b
aeababa8
8d8e8d8a
8d8d8e8f
89898c8b
7c80c1c3
a7a4a09c
c4bdb7ac
d2d1cdc9
5b6096c0
60646766
5251555f
c6d7a859
58595c6f
62494447
4a47586b
5f6e6a55
92b4b0b5
79635e39
639eb3a4
b0ab9568
5b7b6862
32263b5c
33333732
53372b3f
595b514e
522b4930
8b5c384c
2a2b374b
9d9d9c9c
3932363d
7b766c53
8682817b
ababaaa8
908d8d89
8e919191
8c8b8a8d
768fc6bf
a9a39e9a
c1bab2ad
d2d1ccc7
686e8893
65686462
63625d64
8ebf9960
575e5a62
6e624a49
4a404b5a
616a7063
9db3b2b3
6f57442f
6d9eaf9f
b2a99269
6e85675d
312d2f44
38373b2f
50362c45
5d62524b
303e5626
76613e60
2e2b3e6c
9d9b9b9c
6a574737
7e7b7875
83807e80
aba9a8a9
8f8d8c8b
8e909291
8d8c8c8f
72a3c6bd
a5a19d99
beb9b3ad
d2cecac4
6d87958f
6c68615d
70716667
5878746b
515a5b5f
5f6a5a47
5d40414a
5a6c736f
88b0b2b2
60473b37
77abb99e
b2ab926c
74786456
322e383d
383a3b2e
5332304a
836b5448
1f695126
6e42554d
31294058
9f9c9b9c
746e6b5e
7f7c7b79
857f7e80
aba9aaaa
8c8d8c8c
918f9191
8e8e9290
72b5c4bd
a49e9a96
b9b4aea8
d2cbc5c0
6c91a5a0
6d686055
7275716e
5d636b71
50565b5d
4b596254
6c4d444b
4d647177
76acb2b1
58393834
90c7ccb0
b2ab936d
7a746955
2d323538
38373933
66313b40
987e644e
35652e55
4f3a6330
28273b62
a09d9a9c
7374736b
7d7d7c7b
8382817f
ababa9aa
8c8c8988
9291908f
90909391
7cbfbfbf
a49f9a96
b7b3afa8
cdcac5bd
7898aaaf
6968604e
72757973
69686d71
5f545958
45495c62
77644b46
3f556878
87aab0ae
58333530
a3c8c9bb
afab926e
6e727057
33312e3f
4a3e3939
60453d3b
948c7859
4c582674
3b464e32
20476a5d
a0a09d9a
7777726d
7d7c7e7a
81838281
acaaaaaa
8c8b8a8c
9190908f
94949292
91c7bfbf
a4a09a98
b7b0aca5
cbc8c2bb
849aa7b6
66605e45
78797473
7d747173
7b645854
4e535258
7f79604d
32425b6f
74abb1ad
4b30332e
9fc4c7b6
b1a9936f
5b6d735e
352f2b3c
49424136
4e6b3a41
8f8a826c
505d5164
2e464326
42664d46
a1a0a09c
7b787670
7e7d7d7b
8182807f
aaabaca9
8c8c8a87
8f8e908f
94959091
a9c6c0bf
a39e9b9c
b4aca9a4
c9c4c0bd
80959fb2
635a5b56
7e82766b
86867978
85775e54
5259554a
7d807057
2d334464
